TIC ID,Notes,Planet Radius (Earth Radii),Period (days),Transit Duration (Hours),Signal Detection Efficiency (SDE),Classification,Observed Sectors [String],N Sectors Observed,dist,ra,dec,eclat,eclong,Teff,logg,M_star,R_star,rho,Tmag,Vmag,Gmag,rmag,imag,Zmag,Hmag,Kmag
198385543,,,,,,,"Sector 16, Sector 17, Sector 20, Sector 23, Sector 24, Sector 25, Sector 26",7.0,47.2496,257.95542174938,54.5269385069889,76.6414031328666,238.390516275511,3512.0,4.81618,,0.41,5.80494,11.8467,13.971,12.9919,,,,9.804,9.596
329620803,,,,,,,"Sector 15, Sector 16",2.0,74.14383,314.641173311925,45.4346131906591,58.4590528835384,340.49104721999,3524.0,4.80969,0.272,0.28,5.62104,11.5618,13.696,12.704,,,,9.53,9.338
25266623,,,,,,,Sector 15,1.0,20.0287,319.015995786884,29.8627858897876,43.0846761065073,333.684779461705,3285.0,4.90667,0.279,0.285,9.26011,10.9047,13.536,12.1983,,,,8.659,8.449
199503082,,,,,,,Sector 23,1.0,31.951,206.48033345582,27.3868427345909,35.4170868456134,192.779648902753,3259.0,4.94739,0.243,0.257,11.4989,12.3307,15.4,13.6452,14.3936,13.2852,12.1291,10.076,9.787
421335923,,,,,,,"Sector 14, Sector 15, Sector 16, Sector 17, Sector 20, Sector 24",6.0,33.3336,296.827043300236,59.7150698902392,76.235270017773,343.042355070899,3493.0,4.88321,0.298,0.3,8.18218,11.6183,13.795,12.7752,,,,9.572,9.367
166650364,,,,,,,Sector 22,1.0,20.2648,166.389450631026,32.2313085058716,24.214119888618,154.350390985897,2935.0,5.18396,0.098,0.153,38.1295,13.3361,16.83,14.8496,,,,10.808,10.498
202468443,,,,,,,"Sector 15, Sector 16, Sector 21, Sector 22, Sector 23",5.0,97.0798,229.006270911694,62.7183462414147,72.3718936425073,173.151278462523,3162.0,4.91775,,0.31,9.82055,14.5982,,15.9658,,,,12.218,11.965
173093498,,,,,,,Sector 23,1.0,25.1921,205.365512102442,32.4559839083709,39.5057771406542,188.810853880016,3317.0,4.95595,0.237,0.252,12.0347,11.7788,14.59,13.053,13.7776,12.4999,11.8451,9.594,9.338
209394625,,,,,,,Sector  1,1.0,23.8514,325.605470571481,-26.4011297507799,-11.9288613616786,319.061925176806,3020.0,5.1284,0.135,0.178,29.1311,13.1881,16.84,14.6462,,,,10.769,10.465
375091818,,,,,,,"Sector  5, Sector  6, Sector  7",3.0,38.5873,88.7338823444385,-50.1520553369476,-73.5787202132246,87.1293182799621,3211.0,4.9088,0.203,0.227,9.36508,12.4768,15.276,13.8271,,,,10.199,9.89
37863903,,,,,,,Sector  5,1.0,19.5727,65.8620058583613,-7.3963634561009,-28.5604851969508,62.5019683615976,3199.0,5.02239,0.201,0.225,17.0731,11.8519,14.679,13.2007,,,,9.57,9.293
23710001,,,,,,,Sector 23,1.0,16.9033,207.715673187688,36.7380977960861,44.1911428657481,188.341480559424,3267.0,4.94963,0.23,0.247,11.6365,10.9343,13.709,12.2387,13.1441,11.6367,12.9612,8.697,8.422
120395704,,,,,,,Sector 13,1.0,10.2365,280.779059765466,-54.6134351168322,-31.4467200709282,277.293272688399,3180.0,4.96954,0.193,0.219,12.9353,10.1499,12.955,11.5056,,,,7.789,7.488
353712531,,,,,,,Sector 20,1.0,23.1628,96.8033853388591,41.6373151580206,18.3243339484376,95.3514179526075,3227.0,4.93896,0.211,0.233,10.9939,11.5832,14.097,12.9236,,,,9.218,9.022
52183206,,,,,,,"Sector 18, Sector 24",2.0,9.83614,15.8326427531534,62.3655086665766,49.6835716068917,46.3946918591815,3044.0,5.01139,0.198,0.223,16.1241,10.482,13.64,11.9238,,,,8.014,7.718
77156829,,,,,,,"Sector  4, Sector  5",2.0,19.8782,68.1776452049697,-39.7867076079512,-60.5618333430705,54.4651996487693,3563.0,4.88565,,0.338189989328384,8.28746,10.4276,12.6,11.5403,,,,8.501,8.264
238034112,,,,,,,"Sector  6, Sector  8",2.0,24.2499,103.578210516495,-49.9486924248329,-72.0096617980132,119.283178761425,3112.0,5.11175,0.172,0.204,26.8405,12.9663,15.93,14.3709,,,,10.686,10.387
201186294,,,,,,,Sector 18,1.0,35.2736,56.390168786981,37.1122222436083,16.8225357277779,62.5384222760749,3455.0,4.76798,,0.465258,4.59425,11.0136,13.217,12.1965,,,,8.847,8.6
202408231,,,,,,,Sector 23,1.0,31.1882,210.684036314266,30.1294245347962,39.5013884522789,195.428235312743,3322.0,4.95715,0.217,0.237,12.1116,12.211,14.766,13.4838,,,,10.057,9.811
466538554,,,,,,,"Sector 10, Sector 11",2.0,16.5814,166.140799801405,-62.5429086601553,-59.1002004727151,209.341022352871,3057.0,5.08204,0.156,0.193,23.151,12.0642,14.89,13.5105,,,,9.677,9.357
233199387,,,,,,,"Sector 14, Sector 15, Sector 16, Sector 17, Sector 18, Sector 19, Sector 20, Sector 21, Sector 22, Sector 23, Sector 24, Sector 25, Sector 26",13.0,39.8986,264.868481574676,69.4674949210476,86.5182494188688,121.101494266086,3142.0,4.93027,0.243,0.256,10.4974,12.852,15.606,14.2457,15.0904,13.6742,12.5836,10.421,10.134
283866910,,,,,,,Sector  5,1.0,14.5809,64.3272221125412,8.82278189749834,-12.3301987423368,64.0100912734554,3122.0,4.95997,0.221,0.24,12.2948,10.8549,13.877,12.2491,,,,8.483,8.182
321595102,,,,,,,"Sector 16, Sector 18, Sector 24",3.0,26.6023,320.857415501033,67.5709007313693,70.7138021177099,26.3719558978324,3287.0,4.93812,0.23,0.247,10.9449,11.8405,14.47,13.1505,,,,9.591,9.316
157835914,,,,,,,Sector 21,1.0,22.4426,149.941605651287,47.2031290435026,32.5377105119783,134.228044740537,3238.0,4.93499,0.248,0.26,10.7642,11.4067,14.083,12.7362,13.6154,12.1623,11.5497,9.199,8.922
259377017,,,,,,,"Sector  3, Sector  4, Sector  5",3.0,22.4793,68.4155009405299,-51.9562322933249,-71.8970239437336,43.1468702925207,3532.0,4.85053,,0.374357998371124,6.90519,10.4981,12.603,11.6306,,,,8.531,8.251
148497173,,,,,,,Sector  9,1.0,27.9146,163.771821778321,-9.21152021671326,-14.8684527737061,168.69790443068,2964.0,5.14929,0.14,0.182,32.254,13.7685,17.33,15.2651,,,,11.274,10.95
231622199,,,,,,,Sector  1,1.0,15.8966,316.307507536425,-55.0656254015564,-36.4991284296194,301.002376399714,3215.0,4.99566,0.188,0.216,14.8488,11.1925,14.359,12.5301,,,,8.923,8.643
155898358,,,,,,,"Sector 16, Sector 22, Sector 23",3.0,30.3963,218.813622611418,50.3947950229915,59.9765288162153,186.902517534401,3405.0,4.87264,0.338,0.332,7.74172,11.4538,13.792,12.6685,15.6201,12.074,11.685,9.357,9.082
257798327,,,,,,,"Sector 25, Sector 26",2.0,10.7507,259.975865429008,26.5008518733045,49.4587481808489,256.13390620219,3333.0,4.82148,0.429,0.409,5.9602,8.89325,11.26,10.1373,10.9435,10.7732,9.15684,6.71,6.422
15942710,,,,,,,Sector 20,1.0,37.4744,101.074733174147,41.4714433132249,18.3669256793038,98.7228686101488,3010.0,4.97227,0.143,0.184,13.1241,13.1556,16.74,14.6257,,,,10.623,10.327
353849889,,,,,,,Sector 17,1.0,68.9958344,24.5717724480273,28.8201233539313,17.2992205680463,33.4313839176044,3417.0,4.73657,0.491,0.465,3.96922,11.8196,14.192,13.0286,13.6975,12.4813,11.7789,9.701,9.455
399358732,,,,,,,Sector 18,1.0,47.1982,26.58158119116,60.0987143931094,44.9606286606016,50.9466636563289,3393.0,4.81219,0.272,0.279,5.69105,11.8957,14.306,13.1244,13.8552,12.6154,11.8916,9.794,9.563
316211894,,,,,,,Sector 20,1.0,21.2092,128.674654403832,45.4852072710645,25.8811558896194,119.140441381142,3189.0,5.03472,0.18,0.21,18.1978,12.1182,14.886,13.4727,,,,9.849,9.557
4070275,,,,,,,Sector  5,1.0,43.9662,80.0666494187155,-4.23943674881378,-27.2946408027638,78.8379815618351,3500.0,4.76752,,0.465777009725571,4.58428,11.3993,13.564,12.5548,,,,9.307,9.075
428657074,,,,,,,Sector 10,1.0,37.581,179.472851873211,-23.8168769777845,-21.952684486529,189.489069156523,3194.0,4.84902,0.197,0.222,6.85199,11.9432,14.764,13.3031,,,,9.622,9.355
84649454,,,,,,,Sector 19,1.0,12.0817,63.0708950377936,64.7321181543259,42.7123935435785,74.7460632733855,3177.0,5.02837,0.179,0.21,17.6105,10.8649,13.703,12.2244,,,,8.577,8.289
266194572,,,,,,,Sector  7,1.0,14.8022,117.964106284979,5.54921342231642,-15.1273551932735,118.912546656691,3080.0,5.07895,0.141,0.183,22.7936,11.7442,14.762,13.1651,,,,9.404,9.089
292520482,,,,,,,Sector 18,1.0,21.1039,32.6476432490081,46.7013412061887,31.3703333879948,47.4440157599581,3059.0,5.11405,0.127,0.173,27.1467,12.7033,15.88,14.1373,15.1551,17.288,12.4111,10.392,10.101
440478045,,,,,,,Sector 19,1.0,26.5132,90.8732106123269,47.8041506109539,24.3668209154322,90.6438478630769,3277.0,4.89133,0.268,0.276,8.53894,11.3338,13.927,12.6311,,,,9.154,8.935
142748283,,,,,,,"Sector 14, Sector 20, Sector 21",3.0,48.4809,151.619127342946,74.8275341256876,56.7216791944483,114.8128552183,3285.0,4.98992,,0.247330993413925,14.407,13.4764,15.92,14.7736,,,,11.298,11.021
88722227,,,,,,,Sector 21,1.0,25.0758,150.94192637302,51.9134169331534,37.0819385734194,132.523264972361,2917.0,5.16469,0.101,0.155,34.7501,13.6935,17.33,15.2191,,,,11.118,10.824
202185707,,,,,,,Sector  6,1.0,51.0354,101.848265651266,6.12944814723709,-16.8048257473643,102.313103353094,3468.0,4.77791,,0.454048991203308,4.81664,11.8206,13.12,12.9913,,,,9.714,9.475
286582903,,,,,,,Sector 26,1.0,14.9211,271.702346791399,17.3464371897254,40.7730386364607,272.145865559434,3241.0,5.01534,0.161,0.197,16.459,11.1607,13.967,12.4772,,,,8.917,8.652
422970040,,,,,,,Sector  4,1.0,22.9677,39.3736741069708,0.357620629314431,-14.2769129700566,37.0941836853229,3169.0,5.02906,0.2,0.224,17.674,12.2585,15.139,13.6253,,,,9.967,9.689
310488182,,,,,,,Sector 23,1.0,29.4894,213.563349148138,28.7902728156333,39.389911609339,199.106065234218,3007.0,5.00773,0.179,0.209,15.818,12.8278,16.47,14.3003,15.4115,14.0874,12.5431,10.377,10.075
455759556,,,,,,,Sector 17,1.0,23.4229,357.725111012144,38.492605957114,35.6908431348608,15.6488702284781,3239.0,4.92356,0.241,0.255,10.1291,11.5159,14.189,12.8392,13.7593,12.2376,11.5856,9.227,8.924
76349243,,,,,,,Sector 26,1.0,11.3538,274.51416711346,38.7761821344705,62.097453158474,277.534163340005,3216.0,5.05852,0.165,0.199,20.5564,10.8587,14.83,12.1902,,,,8.629,8.37
171648455,,,,,,,Sector 22,1.0,17.2923,159.036315459929,19.3918483947202,9.8103379544809,153.367971684905,2828.0,5.20962,0.095,0.151,43.1265,13.4627,17.47,15.1054,16.8086,14.447,13.1649,10.71,10.344
196278150,,,,,,,Sector 17,1.0,51.2903,13.8109096981799,45.1838743878505,35.7258643417123,32.5296339853674,3051.0,4.93262,0.18,0.21,10.6291,13.5034,17.27,14.9783,16.0104,14.2213,13.2424,11.033,10.698
458624649,,,,,,,Sector  7,1.0,28.6753,125.054058463327,9.33757297848277,-9.93014438885872,125.124727583288,3151.0,4.94903,0.202,0.226,11.5996,12.236,15.138,13.6233,14.5003,13.1028,11.9759,9.851,9.565
300710077,,,,,,,"Sector  1, Sector  2, Sector  3, Sector  5, Sector  6, Sector  7, Sector  8, Sector  9, Sector 10, Sector 11, Sector 12, Sector 13",12.0,43.407,115.268484216621,-71.3044021862841,-79.8581263921775,219.009623485503,3461.0,4.85358,,0.371140003204346,7.01409,11.9802,14.23,13.1643,,,,9.954,9.704
33091590,,,,,,,Sector  7,1.0,43.0789,104.8269758705,-4.82823132363991,-27.412346697882,106.693150612063,3356.0,4.8711,,0.352909,7.68023,12.2285,14.728,13.4798,,,,10.103,9.827
8294262,,,,,,,Sector 21,1.0,40.7385,163.297199557313,41.78522230472,31.7429849930567,147.119987542388,3476.0,4.82202,0.343,0.336,5.97623,11.5378,13.729,12.7084,13.3682,12.148,13.0134,9.529,9.319
341526939,,,,,,,Sector 21,1.0,11.2062,130.06659755365,31.4518928931293,12.6523102196418,124.247805706342,3324.0,4.92092,0.272,0.279,9.9877,9.72964,12.229,10.9771,11.2568,10.3926,9.983,7.561,7.302
461639861,,,,,,,"Sector 19, Sector 20, Sector 25, Sector 26",4.0,58.0344,22.2428321649216,86.938214743483,65.2481945413085,83.2187481129695,3592.0,4.65761,0.338,0.332,2.79829,11.149,14.28,12.2492,,,,9.086,8.923
155979438,,,,,,,Sector 19,1.0,23.9871,69.8897367673745,41.5469315192313,19.2052615679456,74.1874913438324,3148.0,5.09757,0.144,0.184,25.0185,12.8569,16.13,14.2357,,,,10.547,10.266
137823194,,,,,,,Sector 14,1.0,39.9048,292.802306434318,36.1249611530891,56.8338287924296,304.904588451734,3193.0,4.764,0.179,0.209,4.5089,11.3521,14.26,12.711,,,,9.061,8.839
172166157,,,,,,,Sector 20,1.0,29.9625,98.0084833310938,34.5202009992849,11.2675932551233,96.7216044041063,3246.0,4.97523,0.226,0.244,13.3315,12.4096,15.46,13.7304,,,,10.143,9.864
144654557,,,,,,,"Sector  8, Sector  9",2.0,14.5587,131.161996822772,-48.0891615422566,-61.9835289737383,159.387082872026,3166.0,5.01038,0.199,0.224,16.0392,11.0835,13.33,12.4496,,,,8.81,8.562
435594228,,,,,,,"Sector 17, Sector 18, Sector 19, Sector 24, Sector 25, Sector 26",6.0,51.5747,320.32602478743,74.9295688857369,72.1673766556771,49.194473452005,3470.0,4.77794,0.455,0.433,4.81717,11.7503,13.933,12.9209,14.6876,12.3639,11.8967,9.735,9.498
389900760,,,,,,,"Sector 18, Sector 24, Sector 25",3.0,32.1755,23.5041332543311,65.514915682384,50.2841687677058,53.5011814634884,3179.0,4.99978,,0.240233,15.1732,12.8233,15.648,14.1872,,,,10.452,10.205
374356303,,,,,,,Sector  9,1.0,29.7751,161.142547347167,0.720871788413632,-6.7198063181525,162.325410018317,3292.0,4.96327,0.203,0.227,12.5124,12.2062,14.759,13.4993,14.2595,12.9961,12.6415,10.025,9.758
253035398,,,,,,,Sector 21,1.0,24.306,158.607769570064,46.3062417696435,34.2739422549037,141.111723215574,2992.0,5.10183,0.12,0.168,25.5543,13.1268,16.91,14.6037,15.7787,14.1037,12.8403,10.644,10.324
460062281,,,,,,,Sector 26,1.0,14.9728,266.51938037352,24.6513670774921,48.0334777435743,265.266830972518,3386.0,4.93699,0.251,0.263,10.8793,10.3325,12.59,11.5457,,,,8.305,8.059
270772110,,,,,,,Sector  8,1.0,33.3993,137.802937342291,1.45968717030543,-14.106293995096,139.784874959836,3231.0,4.86379,0.312,0.311,7.39377,11.8497,14.7,13.1853,13.7057,12.4967,11.4727,9.524,9.216
467179528,,,,,,,"Sector 14, Sector 15, Sector 21, Sector 22",4.0,36.0118,197.998167681085,65.8338065266292,62.5473686369049,147.624148192662,3618.0,4.79432,,0.44,5.21313,11.0402,12.941,12.1222,12.5842,11.5997,11.6084,9.065,8.84
1133072,,,,,,,Sector  8,1.0,83.5896,131.08590702365,-28.0765731074219,-44.1345819397594,143.893516852991,3471.0,4.74129,,0.325,4.05629,12.625,15.34,13.8038,,,,10.476,10.282
243545094,,,,,,,"Sector 14, Sector 15",2.0,37.3983,309.895849447672,21.9896543354009,38.7937643879681,319.734709387809,3345.0,4.90855,0.22,0.24,9.35244,12.1697,14.626,13.4311,,,,10.06,9.82
288431277,,,,,,,"Sector 14, Sector 18, Sector 19, Sector 20, Sector 21, Sector 24, Sector 25",7.0,35.4346848,269.736201330223,80.712203534191,75.8483556819498,90.1741187331531,3381.0,4.73011,0.365,0.355,3.85373,10.5326,12.91,11.7634,,,,8.407,8.122
352379980,,,,,,,Sector 17,1.0,37.5965,15.3278161358687,38.5417170378444,29.3028564020624,30.1154553554511,3309.0,4.86403,0.208,0.231,7.40315,11.9419,14.46,13.2271,,,,9.729,9.475
390651552,,,,,,,Sector 23,1.0,8.07426,191.985937204927,9.75139775525006,13.6983859796352,187.119227113892,3297.0,4.89243,,0.33,8.58846,8.8223,11.39,10.094,,,,6.666,6.362
250585105,,,,,,,Sector 18,1.0,25.6292,32.0571378200226,49.8171321274635,34.3829555173369,48.5003560185738,2844.0,5.2014,0.087,0.146,41.46,14.0618,17.83,15.6626,,,,11.476,11.136
252675072,,,,,,,Sector 17,1.0,53.9234,347.106016510812,48.2275536818307,48.020695752423,13.8640653155118,3182.0,4.85205,0.223,0.242,6.95932,12.8441,16.22,14.209,,,,10.425,10.163
359185852,,,,,,,Sector 23,1.0,12.8466,197.39571471659,28.9851007009812,33.2726024648606,183.235395749359,3143.0,5.05481,0.163,0.198,20.1718,11.2089,14.096,12.5984,13.6155,15.5663,11.3588,8.912,8.612
116486582,,,,,,,"Sector 23, Sector 24",2.0,23.123,233.413916472257,46.2508121860539,62.0835205350958,208.317848708569,3303.0,4.878,0.306,0.306,7.96149,11.0484,13.653,12.3296,13.1494,11.7095,11.1635,8.795,8.531
468889408,,,,,,,Sector  5,1.0,12.3984,56.8370372448003,8.69641984284154,-10.9782132948838,56.577173636511,3122.0,5.12515,0.135,0.179,28.6701,11.585,14.582,12.9778,13.8799,12.4181,11.932,9.272,9.022
411527097,,,,,,,Sector 17,1.0,16.1564,6.33582015765639,22.8864191465412,18.4436934074802,15.1533570660647,3188.0,5.02123,0.165,0.199,16.9708,11.4353,14.249,12.7917,,,,9.155,8.868
115172395,,,,,,,"Sector 24, Sector 25",2.0,25.0424,248.605641914574,47.8412086159985,68.233645183057,228.680327729963,3104.0,5.02703,0.127,0.172,17.4888,12.5484,15.99,13.961,,,,10.148,9.862
371860097,,,,,,,Sector 23,1.0,47.0725,199.726713856931,22.8347858380767,28.6718807980581,188.589708979388,3284.0,4.84725,0.15,0.189,6.79005,12.3747,14.992,13.6733,14.4076,13.1855,12.1744,10.122,9.83
44898913,,,,,,,"Sector  4, Sector  5",2.0,32.4298,64.1298408207337,-28.3147096291883,-48.6134538018768,54.4781914598179,2887.0,5.15917,,0.155497997999191,33.8359,14.2683,18.0,15.8213,,,,11.692,11.344
404141259,,,,,,,Sector 14,1.0,20.6462,289.381293580538,28.5539652045882,50.1870067747873,297.081002153314,3010.0,5.09505,0.125,0.172,24.7069,12.6894,15.82,14.156,,,,10.194,9.923
48429569,,,,,,,Sector  9,1.0,30.7304,149.752394672669,-30.1289378831457,-39.3334198997561,165.009342995149,3038.0,5.06817,0.166,0.2,21.5876,13.3884,16.52,14.8354,,,,10.886,10.6
441053099,,,,,,,Sector  2,1.0,24.3638,359.17027267805,-14.8751030068717,-13.2948573860214,353.216332412486,3139.0,4.93621,0.173,0.205,10.8341,11.8342,14.75,13.225,,,,9.439,9.11
219463771,,,,,,,"Sector 14, Sector 15, Sector 20, Sector 21, Sector 26",5.0,13.2452,208.41164605178,77.6189307242482,69.5086267489429,122.596389561215,3276.0,4.93727,0.232,0.249,10.8957,10.2537,12.853,11.549,,,,8.056,7.795
307210830,,,,,,,"Sector  2, Sector  5, Sector  8, Sector  9, Sector 10, Sector 11, Sector 12",7.0,10.6194,124.531756290083,-68.3129998725044,-76.8138284862677,203.32278202704,3429.0,4.91039,,0.314159989356995,9.44434,9.41242,11.685,10.5976,,,,7.359,7.101
246861224,,,,,,,Sector  2,1.0,55.9319,7.22817670883782,-27.559368841606,-27.9602595223978,354.692835387529,3160.0,4.80791,0.194,0.22,5.57203,12.487,15.6,13.8664,,,,10.145,9.899
240654501,,,,,,,Sector 17,1.0,24.1155,8.97220686227192,52.6867305994098,43.7965467455155,33.9496200894487,3492.0,4.8109,0.423,0.404,5.65488,10.372,12.9,11.516,,,,8.352,8.095
299798795,,,,,,,"Sector  1, Sector 13",2.0,37.3312,37.1934834298235,-80.8992217499421,-70.7287037269195,292.443204001574,3392.0,4.82262,,0.404403001070023,5.99427,11.556,13.95,12.7824,,,,9.405,9.134
141527579,,,,,,,"Sector  1, Sector  2, Sector  3, Sector  4, Sector  5, Sector  7, Sector  8, Sector  9, Sector 10, Sector 11, Sector 12, Sector 13",12.0,63.3731,87.7361339356151,-76.6202898967303,-79.9168907279597,272.992765185974,3526.0,4.76216,,0.471841990947723,4.46983,12.1293,14.243,13.273,,,,10.105,9.83
58100576,,,,,,,Sector 17,1.0,19.2821,6.1453306510743,30.0415352349068,24.9896749112792,18.270932737452,3123.0,4.9733,0.256,0.267,13.1956,11.5811,14.515,12.9768,15.1033,15.9902,14.0611,9.218,8.892
214972970,,,,,,,Sector 12,1.0,16.1654,241.289063707229,-49.7987257651127,-28.3963323227977,249.360161100158,2916.0,5.13185,0.142,0.183,29.6272,12.643,16.1,14.1784,,,,9.978,9.644
274384002,,,,,,,"Sector 23, Sector 24, Sector 25, Sector 26",4.0,32.9644,252.334380969828,51.0215849931799,72.1101109275087,231.581938198994,3240.0,4.88735,0.167,0.2,8.36199,12.0155,14.711,13.3424,,,,9.647,9.376
85145408,,,,,,,Sector 20,1.0,25.0007,112.621563433363,62.7908827479356,40.3962725857769,103.3519870694,2988.0,5.09251,0.124,0.171,24.3953,13.2181,16.387,14.698,,,,10.679,10.321
63589034,,,,,,,Sector 18,1.0,54.83058,32.7042983374212,33.9945884167792,19.5597222405623,42.2362051813507,3177.0,4.97205,0.185,0.214,13.109,12.2939,15.171,13.6621,,,,9.994,9.725
244161191,,,,,,,Sector  3,1.0,44.397,4.8830938213792,-5.91126788472872,-7.3638441794953,2.12172073484625,2950.0,4.925,,0.300639003515244,10.2068,13.1672,16.45,14.681,,,,10.618,10.324
138820713,,,,,,,Sector 22,1.0,40.9866,175.565703790667,24.1932004550541,20.3616477487955,165.942364814683,3572.0,4.76894,,0.46416899561882,4.61525,11.1557,13.185,12.2649,,,,9.168,8.933
189635606,,,,,,,Sector 17,1.0,26.6196,25.4792597730736,38.7240543354726,26.1325407723584,38.3272840355733,3299.0,5.01915,0.139,0.181,16.7882,12.3674,14.931,13.6579,,,,10.258,9.937
371272665,,,,,,,Sector 20,1.0,8.84028,119.552924447282,41.3036991236811,20.2209782752359,113.257212931595,3281.0,4.93235,0.239,0.253,10.6138,9.38297,12.02,10.6656,,,,7.133,6.878
175391698,,,,,,,Sector  2,1.0,20.3509,348.965040059229,-37.5585273239719,-29.9282005290655,333.869532045522,3158.0,5.05213,0.176,0.207,19.8983,12.0977,15.33,13.4725,,,,9.872,9.592
271204416,,,,,,,Sector  7,1.0,13.1296,119.537890968944,7.28373755730316,-13.1183910482124,120.140667683312,3182.0,5.01625,0.175,0.207,16.5376,10.9388,13.87,12.2984,15.5483,14.5571,12.8106,8.639,8.381
61085196,,,,,,,Sector 18,1.0,14.5886,39.1838642617534,22.6739442997276,6.99487812459755,43.8976814635278,3002.0,5.09871,0.14,0.182,25.1602,11.997,15.288,13.4692,,,,9.52,9.194
364075630,,,,,,,"Sector 16, Sector 17, Sector 18, Sector 19, Sector 20, Sector 23, Sector 24, Sector 25, Sector 26",9.0,17.0162,306.211617689247,74.2068377265131,75.9766565893005,48.4296135960353,3019.0,5.08635,0.138,0.18,23.6556,12.1938,15.435,13.6577,,,,9.74,9.443
265014861,,,,,,,Sector  7,1.0,30.0069,126.697213776034,2.83666572420052,-15.8514029167634,128.348822426836,3298.0,4.91456,0.234,0.25,9.65579,11.8174,14.437,13.1054,13.8917,12.629,11.7734,9.662,9.39
393800499,,,,,,,Sector 22,1.0,42.291893,186.739028830067,27.0149269515271,27.2791484040647,174.527425820148,3143.0,4.93745,0.263,0.273,10.9063,11.9506,14.78,13.341,,,,9.607,9.32
141249464,,,,,,,"Sector 15, Sector 22",2.0,36.9147,187.71094660643,51.3681200915219,48.5932708156066,159.291748098822,3289.0,4.91608,0.189,0.217,9.73381,12.3491,14.905,13.6432,,,,10.13,9.852
230090756,,,,,,,"Sector 14, Sector 15, Sector 16, Sector 17, Sector 18, Sector 19, Sector 20, Sector 21, Sector 22, Sector 23, Sector 24, Sector 25, Sector 26",13.0,30.3628,247.674526673004,70.1552672432203,81.0817969924822,146.287579627278,3042.0,5.06519,0.144,0.185,21.2648,13.3083,16.81,14.7647,,,,10.888,10.553
25243422,,,,,,,Sector  1,1.0,24.2279,327.220973618251,-19.7908524648167,-6.20070932753855,322.727139946208,3138.0,4.95042,0.172,0.205,11.6862,11.9169,14.873,13.3102,,,,9.507,9.21
202280283,,,,,,,"Sector 14, Sector 20",2.0,15.0576,140.33075854947,73.1107143464254,53.5271628577251,112.098401689869,3134.0,5.13655,0.099,0.154,30.3144,12.1082,15.23,13.4914,,,,9.798,9.522
271274326,,,,,,,Sector 11,1.0,32.0276,211.403582017861,-32.1440834142328,-18.219062357168,220.462883949461,3160.0,4.94838,0.179,0.209,11.5597,12.4562,15.36,13.8334,,,,10.02,9.8
347695698,,,,,,,Sector 10,1.0,21.9871,182.618235310622,-13.1733416095305,-11.0344663389712,187.697173431463,3196.0,4.87679,0.201,0.225,7.91164,10.9671,13.804,12.315,,,,8.684,8.412
173093072,,,,,,,Sector 23,1.0,24.5055,205.297749163852,30.0239451183385,37.3183958675097,190.169865856166,3139.0,5.12172,0.116,0.165,28.1911,12.9139,16.18,14.304,,,,10.742,10.478
240968774,,,,,,,"Sector 17, Sector 18",2.0,37.4418,19.1139293871073,49.2337799841556,37.5773618813841,38.8776858054106,3834.0,4.74552,,0.490737,4.13626,10.5977,12.293,11.5622,,,,8.791,8.568
16530308,,,,,,,Sector 20,1.0,14.5195,102.272734352733,37.1140246193833,14.1025946619737,100.065559874731,3248.0,5.04011,0.161,0.197,18.7102,11.1683,14.68,12.4788,14.9527,15.4307,12.5868,9.053,8.773
288634843,,,,,,,"Sector 14, Sector 17, Sector 18, Sector 19, Sector 20, Sector 21, Sector 24, Sector 25, Sector 26",9.0,16.3965,278.965874100229,80.094327313309,76.2631785898134,83.5174196737137,3301.0,4.92525,0.245,0.258,10.2204,10.5931,13.146,11.8713,,,,8.419,8.163
450104260,,,,,,,Sector  5,1.0,30.6102,73.6474908411779,8.50572700005637,-13.9918985866613,73.3237365459209,3053.0,5.03892,0.165,0.2,18.5958,13.177,16.5,14.6219,,,,10.722,10.384
328401671,,,,,,,Sector  4,1.0,18.8149,47.5140972850695,2.57419620286278,-14.5861356213585,45.7973893737796,2964.0,5.20945,0.1,0.154,43.0923,13.1355,16.8,14.6256,15.8005,13.865,12.8848,10.817,10.526
367770625,,,,,,,Sector 19,1.0,20.0418,65.6395728654818,39.0121215556597,17.2163580769032,70.3950760512515,3104.0,5.06791,0.12,0.168,21.559,12.2788,15.77,13.6841,,,,9.939,9.67
454012528,,,,,,,Sector 10,1.0,8.67849,175.339671224884,-36.4096002258248,-34.7910171868908,192.382894004082,3156.0,5.04619,0.199,0.224,19.3029,10.2167,13.105,11.5798,,,,7.967,7.699
427323148,,,,,,,"Sector 17, Sector 18, Sector 24",3.0,26.0351,344.052579863024,68.2580373760649,63.2142924873066,37.782603221429,3363.0,5.04192,0.159,0.195,18.8846,12.2821,14.7,13.5288,,,,10.293,10.054
230060668,,,,,,,"Sector 14, Sector 15, Sector 16, Sector 20, Sector 21, Sector 22, Sector 23",7.0,25.0708,229.262476370905,69.8638537692405,74.8314302478699,149.158015306046,3199.0,4.98728,0.184,0.213,14.2082,12.1282,14.843,13.4789,,,,9.836,9.569
158014412,,,,,,,"Sector 14, Sector 19, Sector 20, Sector 21, Sector 26",5.0,31.2305,215.386575506475,82.9498528548493,69.8539435657061,106.889862450462,3167.0,4.97419,0.16,0.196,13.2581,12.5656,15.56,13.9384,,,,10.211,9.946
320208632,,,,,,,Sector 22,1.0,18.552,193.633754031925,44.9931023980929,45.6421697338743,169.425884491223,3013.0,5.13812,0.112,0.163,30.5483,12.7159,15.91,14.1844,,,,10.301,9.986
392926945,,,,,,,Sector 23,1.0,16.3429,207.20252712681,4.10064633538319,14.2989453753335,203.72592415299,3155.0,5.01974,0.168,0.202,16.8399,11.4848,14.401,12.8547,,,,9.162,8.882
117218597,,,,,,,Sector 21,1.0,19.5842,129.855244635073,29.8883118477351,11.0954983198185,124.485637044193,3206.0,5.0498,0.148,0.187,19.6622,11.9996,14.814,13.3446,,,,9.761,9.492
116439550,,,,,,,"Sector 23, Sector 24",2.0,33.64319,232.433259758491,42.8802429449131,58.7994082255455,210.410814157897,3166.0,4.94373,0.248,0.261,11.2772,11.3459,14.64,12.8155,14.0038,16.2265,12.3781,9.016,8.719
27649847,,,,,,,Sector  7,1.0,60.9425,123.343858386359,12.2217604659286,-7.50073953362651,122.809061131811,3465.0,4.8084,,0.42,5.58541,12.4029,14.691,13.5861,,,,10.357,10.089
49306639,,,,,,,"Sector  6, Sector  7",2.0,16.6687,101.671180593613,-21.8378051322277,-44.6588558751058,105.307032482297,2859.0,5.221,0.136,0.179,45.5515,13.2818,16.73,14.8594,,,,10.667,10.354
415460749,,,,,,,"Sector 16, Sector 17",2.0,71.4336548,337.295531990757,54.9474914680144,57.0613160946425,12.9924615568994,3192.0,4.88494,0.157,0.194,8.25655,12.8258,15.702,14.1919,,,,10.463,10.187
81212286,,,,,,,Sector 20,1.0,58.3171,127.033288976573,56.4275616950096,36.0745925341629,114.334831092547,3541.0,4.8452,,0.380019,6.71938,12.507,14.736,13.6406,15.687,14.546,12.9298,10.527,10.279
219943013,,,,,,,Sector 13,1.0,17.0346,289.921692250165,-59.9220892922598,-37.3376683480489,282.40281507655,3258.0,4.97149,0.163,0.198,13.0701,11.0938,13.678,12.4049,,,,8.886,8.609
427320666,,,,,,,"Sector 17, Sector 18, Sector 24, Sector 25",4.0,32.2022,343.844863394719,69.8256174084569,64.0743662431898,40.74007576988,3330.0,4.88196,0.31,0.309,8.12869,11.7438,14.9,13.0054,,,,9.537,9.282
330736481,,,,,,,"Sector 16, Sector 17",2.0,21.9343,334.010836708086,54.6665104924966,58.1344172058624,10.0350431993685,3255.0,4.9428,0.248,0.261,11.2211,11.4262,14.045,12.7425,,,,9.191,8.934
142588954,,,,,,,"Sector 14, Sector 20, Sector 21",3.0,56.673,168.176422050537,76.4489969422319,60.7908027831167,118.03157509092,3304.0,4.78136,0.287,0.291,4.89682,12.2504,14.785,13.5361,,,,9.989,9.728
229614158,,,,,,,"Sector 14, Sector 15, Sector 16, Sector 17, Sector 18, Sector 19, Sector 20, Sector 21, Sector 22, Sector 23, Sector 24, Sector 25, Sector 26",13.0,23.6741,277.983626164875,77.5102746090828,78.8017298028364,81.1025063796128,3168.0,4.96352,0.162,0.197,12.5286,11.8443,14.87,13.2194,14.0491,15.0733,11.5938,9.538,9.262
88137413,,,,,,,Sector 23,1.0,26.049,194.958676843183,16.175731817175,20.7448293988208,187.16451061723,3161.0,4.97822,0.181,0.211,13.5442,12.1489,15.058,13.5293,14.4217,13.0363,11.9008,9.888,9.583
135140399,,,,,,,Sector 22,1.0,21.9777,186.254302718804,23.3880912700447,23.8269187310287,175.852456574744,2998.0,5.17623,0.106,0.158,36.7394,13.2846,17.16,14.7545,15.9148,17.6737,13.0572,10.917,10.619
155970640,,,,,,,"Sector 23, Sector 24",2.0,12.5124,235.015082718201,43.4942050207842,60.2164228800252,213.136939087598,3452.0,4.92363,0.295,0.297,10.1325,9.84414,11.88,11.0084,11.3729,11.5013,11.1129,7.777,7.563
46617192,,,,,,,Sector 18,1.0,30.9591,53.7379791301097,28.2573592411878,8.73429277821968,58.189941364359,3114.0,5.16086,0.122,0.169,34.1137,13.7801,17.53,15.1801,,,,11.543,11.255
304512882,,,,,,,Sector 15,1.0,61.8425,315.650382146615,42.3444195530129,55.4386736640794,338.697390608061,3208.0,4.87397,0.287,0.291,7.79578,13.0556,16.6,14.4107,,,,10.876,10.635
445183950,,,,,,,"Sector 17, Sector 18",2.0,31.5168,11.3601706365353,57.0559138046385,46.6640932695632,39.0224486362783,3460.0,4.91949,0.294,0.296,9.91208,11.7868,14.036,12.9669,,,,9.777,9.536
291689873,,,,,,,Sector 17,1.0,16.842,358.714405881017,38.5267223811979,35.3424826602005,16.4992418019628,3269.0,4.90846,0.272,0.279,9.34812,10.5843,13.184,11.8915,,,,8.345,8.087
214516789,,,,,,,Sector  1,1.0,37.1267,340.484287459957,-36.4016333598401,-25.9455939088917,327.529738304218,2998.0,5.08489,0.124,0.171,23.483,13.9129,17.84,15.391,,,,11.438,11.127
137649696,,,,,,,"Sector 20, Sector 21",2.0,15.5777,139.441621672288,58.4226242686836,40.2553674727255,121.419312834515,3051.0,5.10826,0.128,0.174,26.3807,12.0822,15.25,13.5214,14.5453,12.8136,11.7837,9.698,9.402
417153632,,,,,,,Sector 23,1.0,11.8753,207.055884243998,23.6135287783252,32.2283184475631,195.287935435979,2949.0,5.16154,0.121,0.169,34.2259,11.9641,15.81,13.4669,,,,9.506,9.179
438528954,,,,,,,Sector  6,1.0,38.3761,101.198013398416,16.4716219053788,-6.54865655283842,100.804211870408,3378.0,4.82843,0.361,0.351,6.1716,11.6707,14.065,12.8977,,,,9.497,9.239
320506439,,,,,,,Sector 17,1.0,19.9605,8.06550102495547,54.4839820754012,45.5912310693066,34.7186539750667,3215.0,4.92273,0.277,0.283,10.0843,11.1144,13.859,12.4587,,,,8.827,8.57
180628643,,,,,,,"Sector 22, Sector 23",2.0,29.094,198.963087987746,40.1023351569117,43.6199661353718,177.769040909364,3162.0,4.98056,0.191,0.218,13.713,12.4604,15.7,13.8377,14.654,16.8328,12.2307,10.104,9.841
196784856,,,,,,,Sector 17,1.0,28.526,18.6685214372878,44.4795588031151,33.5037375729026,35.8404851536273,2899.0,5.19298,0.109,0.161,39.8168,14.1182,18.31,15.6696,17.0563,14.9302,13.8313,11.643,11.306
460091751,,,,,,,Sector 26,1.0,23.0335,266.859201321819,28.6789775067006,52.0693729755667,265.515063140332,3258.0,5.03594,0.107,0.159,18.3125,12.2446,14.978,13.559,,,,10.054,9.745
164279773,,,,,,,Sector 16,1.0,29.7896,336.463413368038,31.8138844154881,38.2171251343105,352.566542734914,3289.0,4.91991,0.223,0.242,9.9344,11.8066,14.376,13.0988,13.8126,12.5436,11.5648,9.677,9.417
157201374,,,,,,,Sector 23,1.0,27.6888,196.402761654814,19.5824490791135,24.4145999609521,186.987860635486,2844.0,5.17938,0.099,0.154,37.2992,14.2606,18.47,15.8691,,,,11.511,11.143
284430205,,,,,,,"Sector 17, Sector 18, Sector 24",3.0,50.5671,9.61534571748101,61.8350559464286,51.0307810496704,42.2696239144975,3288.0,4.81796,0.307,0.307,5.8564,12.3173,14.907,13.6149,,,,10.003,9.757
232759362,,,,,,,Sector 15,1.0,22.7686,311.342122977275,35.1374286667038,50.5581079458477,328.2429681312,3084.0,5.0226,0.151,0.189,17.0923,12.3437,15.18,13.7696,,,,9.957,9.623
207007364,,,,,,,Sector  6,1.0,32.5598,97.486025362485,9.57182301907427,-13.6702398125426,97.5976661363351,3291.0,4.91203,0.267,0.275,9.52665,12.0071,14.596,13.2961,13.9802,15.6307,11.8032,9.833,9.547
267320484,,,,,,,Sector  1,1.0,19.7206,7.7677175817516,-72.0183053147009,-62.7810454482336,311.970552898463,3261.0,4.91038,0.225,0.243,9.44371,11.0079,13.707,12.3169,,,,8.745,8.445
267147831,,,,,,,"Sector 15, Sector 16",2.0,42.0421,316.407102006967,49.9905708094697,61.5307111163854,347.637802404126,3434.0,4.84844,0.402,0.386,6.83162,11.9196,14.192,13.1187,,,,9.777,9.594
415774112,,,,,,,Sector 17,1.0,22.5063,10.2343585971356,31.3823491095908,24.6730459622326,22.4018513315593,3264.0,4.89293,0.238,0.253,8.61102,11.1802,13.855,12.489,13.3437,14.408,12.0095,8.864,8.592
432008938,,,,,,,"Sector  7, Sector  8",2.0,87.7731,120.693457329638,-23.6958875461938,-42.9949763878598,129.721033300754,3362.0,4.86766,,0.315,7.54387,13.7006,16.43,14.9486,,,,11.56,11.345
165760040,,,,,,,Sector 23,1.0,49.0411,206.568967964541,31.1566392146757,38.8246399790903,190.754270322613,3391.0,4.72846,0.522,0.494,3.82492,11.4261,13.64,12.6556,13.375,12.0872,11.8219,9.279,9.034
187933810,,,,,,,Sector  9,1.0,15.4601,159.438801727332,-27.777389170113,-33.4483286402993,173.136261806896,3185.0,4.88575,0.306,0.306,8.29193,10.333,13.177,11.6882,,,,8.035,7.719
144370079,,,,,,,Sector 10,1.0,6.67239,189.704576364163,-38.3815754499338,-31.1378354392403,205.479831778691,3152.0,5.08287,0.153,0.191,23.2467,9.86456,12.8,11.226,,,,7.756,7.386
27117515,,,,,,,Sector 12,1.0,15.3136,248.90500187939,-52.0335611724518,-29.6699867728401,255.23646058148,2997.0,5.1366,0.139,0.181,30.3227,12.27,15.29,13.7432,,,,9.795,9.559
22021999,,,,,,,"Sector  8, Sector  9",2.0,25.7557,148.018677661831,-24.9427247333515,-35.3059788331921,160.466130534846,3224.0,5.00826,0.234,0.25,15.8621,12.2358,14.82,13.5791,,,,10.068,9.785
78449800,,,,,,,"Sector  6, Sector  7",2.0,21.5897,102.61067768154,-21.5993404780308,-44.3196846188004,106.48287990148,2881.0,5.1721,0.11,0.161,36.0145,13.5109,17.08,15.0691,,,,10.893,10.551
17470294,,,,,,,"Sector 24, Sector 25",2.0,28.2866,243.01345097224,31.9792632059304,51.8671004760688,231.43829748384,2944.0,5.14308,0.087,0.146,31.2955,13.8141,16.64,15.3313,16.5707,14.5501,13.5258,11.249,10.936
103605399,,,,,,,"Sector 14, Sector 20, Sector 21",3.0,81.2392,151.213062171511,69.166450826727,52.1265835905043,120.512322615346,3870.0,4.80522,,0.423548012971878,5.49856,12.6265,14.143,13.5886,13.6941,13.391,12.5989,10.885,10.689
325220064,,,,,,,Sector  1,1.0,40.235157,356.045591430119,-68.5296795985724,-57.5409287690565,312.871863649352,3250.0,4.9189,0.221,0.24,9.88088,11.726,14.46,13.0449,,,,9.515,9.156
21542724,,,,,,,Sector 22,1.0,26.127,165.148312777503,37.4806788636461,28.5139816812172,150.801414973447,3116.0,4.99887,0.195,0.221,15.1009,12.4747,15.67,13.8779,14.8161,13.6843,12.1775,10.041,9.746
186336681,,,,,,,Sector 17,1.0,37.275,17.9016598132203,41.4646782119626,31.0571786775115,33.6531857689781,2832.0,5.09711,0.086,0.145,24.9607,14.4302,18.68,16.0705,,,,11.592,11.22
229157898,,,,,,,"Sector  2, Sector  3",2.0,21.989,28.8049896775777,-53.1085852217544,-58.0849744495316,354.272724269947,3197.0,5.04776,0.2,0.225,19.4586,12.2196,15.096,13.5674,,,,9.981,9.729
188465150,,,,,,,Sector 21,1.0,26.9481,133.104719460379,38.1567864668692,19.7837641864236,124.821732512259,3365.0,4.90588,0.252,0.263,9.22114,11.463,13.925,12.7057,13.4409,12.1176,11.604,9.362,9.087
92226327,,,,,,,Sector  3,1.0,14.9861,11.2472145795075,-15.2715397578344,-18.4515825780233,4.10213886134999,3166.0,5.03724,,0.215534999966621,18.4354,11.2991,14.15,12.6706,,,,9.092,8.821
309850275,,,,,,,"Sector 16, Sector 22, Sector 24",3.0,23.1759,229.155433656903,53.9293342562484,66.7462399885529,192.750026833227,3095.0,5.06057,0.15,0.189,20.7724,12.563,15.84,13.9831,14.8799,15.1336,12.3088,10.191,9.934
371609542,,,,,,,Sector 22,1.0,22.6773,187.363006637604,22.9963143636239,23.9137299240865,177.042620378138,3249.0,4.94237,0.272,0.279,11.1958,11.4946,14.54,12.8093,13.6911,12.2029,11.4861,9.268,9.003
68069,,,,,,,Sector 11,1.0,30.3856,221.062452809521,-27.2904466899655,-10.8628067527954,226.976708471814,3140.0,4.99383,0.175,0.207,14.7063,12.7031,15.629,14.0958,,,,10.318,10.036
429358906,,,,,,,Sector 10,1.0,52.5122,183.92110649533,-18.9101792165352,-15.7600668514953,191.281030556578,3320.0,4.82069,,0.40651598572731,5.93664,12.2875,14.83,13.5645,,,,10.108,9.86
61505365,,,,,,,Sector 17,1.0,34.39062,25.06903937165,31.7918499993996,19.8833440486806,35.0447010596936,3215.0,4.86256,0.256,0.267,7.34692,11.1492,13.961,12.4882,,,,8.833,8.566
192020710,,,,,,,Sector 20,1.0,26.3654,104.129017929589,44.032213682091,21.1233851618987,100.844362845648,3203.0,4.91006,0.23,0.247,9.42763,11.6698,14.458,13.0153,,,,9.359,9.073
198313420,,,,,,,"Sector 14, Sector 15, Sector 16, Sector 21, Sector 22, Sector 23, Sector 24",7.0,30.102,233.771194953037,62.9154633417985,74.357259128843,176.345969362232,3424.0,4.94072,0.254,0.266,11.0979,11.8237,14.067,13.0238,,,,9.834,9.605
445873466,,,,,,,Sector 24,1.0,26.1182,233.89886408777,29.2160122272266,46.7470309979858,221.366559164622,3032.0,5.06847,0.143,0.184,21.6207,12.9726,16.17,14.4361,,,,10.504,10.249
39427536,,,,,,,"Sector 25, Sector 26",2.0,28.7474,262.766518503659,35.0687802002544,58.225006499438,258.714121720375,3113.0,4.9996,0.15,0.189,15.1587,12.6627,15.546,14.0687,,,,10.27,9.959
467939527,,,,,,,Sector 13,1.0,28.2594,283.811358150172,-71.2506945022114,-48.1277678285739,276.601369817365,3180.0,4.90985,0.123,0.17,9.41736,11.8663,14.663,13.2313,,,,9.472,9.222
454682563,,,,,,,"Sector 11, Sector 12",2.0,8.38338,174.569895749374,-77.3634945231028,-64.6211088915917,239.461014090867,2928.0,5.17551,0.114,0.164,36.611,11.3239,,12.8358,,,,8.89,8.521
276655797,,,,,,,"Sector 15, Sector 16, Sector 17",3.0,21.856,308.730476894766,59.2907695657761,71.3143513890783,355.791509400392,3328.0,4.88516,0.312,0.311,8.266,10.9325,13.488,12.1924,13.0206,11.592,12.3125,8.707,8.466
237091400,,,,,,,Sector 24,1.0,13.0674,231.103163753321,29.4254281753835,46.0870161436118,217.949122656732,2755.0,5.25705,0.088,0.147,54.3126,13.5524,18.65,15.3051,17.4505,14.7011,13.1526,10.535,10.155
231733039,,,,,,,"Sector  4, Sector  5, Sector  6, Sector  7",4.0,14.5751,81.8773653288836,-51.4877249170936,-74.388907885571,70.9171831478802,2963.0,5.13782,0.138,0.18,30.5027,12.2359,15.78,13.7311,,,,9.796,9.46
230086768,,,,,,,"Sector 15, Sector 16, Sector 17, Sector 18, Sector 19, Sector 20, Sector 21, Sector 22, Sector 23, Sector 24, Sector 25, Sector 26",12.0,89.6716,246.624584445956,66.1436142706588,80.669431094742,171.781627487541,3428.0,4.83663,,0.389199,6.43272,13.4447,15.776,14.6525,,,,11.388,11.146
356478067,,,,,,,Sector 20,1.0,34.3915,120.087498142782,64.9262484234508,43.2484200926067,106.958206629305,3262.0,4.93955,0.195,0.221,11.0287,12.3206,15.043,13.6347,,,,10.146,9.885
381543741,,,,,,,Sector 18,1.0,26.2356,30.0309451650239,36.6633280925905,22.8394459498925,41.10081560035,3314.0,4.90228,0.247,0.26,9.04729,11.455,13.959,12.7279,,,,9.198,9.0
441811392,,,,,,,"Sector 15, Sector 16, Sector 17, Sector 18, Sector 19, Sector 20, Sector 21, Sector 22, Sector 23, Sector 24, Sector 26",11.0,34.4626,267.009778892874,74.6156168265886,81.8865626864394,95.6272735336391,3211.0,4.98533,0.159,0.195,14.0621,12.7878,16.07,14.1297,,,,10.503,10.245
388087903,,,,,,,Sector  7,1.0,23.9814,120.936221342077,8.45000405232817,-11.692831885845,121.283899703898,2878.0,5.20344,0.096,0.152,41.8667,13.8033,17.4,15.3649,16.7861,14.6301,13.5158,11.276,11.007
224289450,,,,,,,"Sector 15, Sector 21, Sector 22",3.0,15.2374,183.088097980364,54.4897747036111,49.4014946410751,153.034596377671,3281.0,4.9741,0.229,0.246,13.2522,10.8169,13.532,12.1102,15.1439,14.0902,13.1005,8.659,8.387
271596225,,,,,,,"Sector  1, Sector  2, Sector  3, Sector  4, Sector  5, Sector  6, Sector  7, Sector  8, Sector  9, Sector 10, Sector 11, Sector 12, Sector 13",13.0,56.1927,108.561734606872,-74.6025441369553,-79.9553831783509,241.014315735485,3607.0,4.76051,,0.473702013492584,4.43549,11.7144,13.689,12.8028,,,,9.781,9.557
252875556,,,,,,,Sector 20,1.0,32.8765,100.24209993113,49.741713061645,26.5645261168675,97.3810557753717,3006.0,4.94904,0.217,0.237,11.6005,12.6395,15.72,14.1169,,,,10.147,9.862
470123853,,,,,,,"Sector 18, Sector 19, Sector 24, Sector 25, Sector 26",5.0,29.9135,330.195995142591,79.8237046221669,69.7150011634572,63.7552494749871,3380.0,4.91553,0.193,0.22,9.70578,11.7617,14.168,12.9948,,,,9.663,9.391
160329609,,,,,,,Sector  6,1.0,8.66336,91.217286364481,-34.5599366889781,-57.9912255728742,91.8915009350141,2998.0,4.93637,0.263,0.272,10.8435,9.65466,12.934,11.1094,,,,7.183,6.866
345710962,,,,,,,"Sector 15, Sector 16",2.0,26.7536,326.915180457888,45.1259416334676,53.4545228541489,353.105868633309,3447.0,4.89973,0.277,0.283,8.92608,11.2363,13.471,12.4256,,,,9.216,9.022
116418288,,,,,,,Sector  2,1.0,39.892,7.95049583812293,-41.0867959853576,-40.1236853879715,347.479374604282,2905.0,5.0927,0.12,0.168,24.4188,14.1571,17.99,15.7028,,,,11.595,11.337
252342402,,,,,,,Sector 19,1.0,34.4652,74.8262799477034,57.5834507917301,34.6604101609018,80.1780139699518,3180.0,5.00469,0.161,0.196,15.569,12.9868,16.25,14.3507,,,,10.669,10.391
312341223,,,,,,,"Sector 17, Sector 18",2.0,51.86567,11.0756587265288,54.2931040408894,44.4598166446739,36.6317718766713,3242.0,4.77912,0.35,0.342,4.84441,11.9803,15.5,13.3097,,,,9.649,9.355
288981400,,,,,,,"Sector 19, Sector 20",2.0,30.6269,100.454160305631,68.7776705896384,45.5335536077702,95.3802949466327,3340.0,4.82131,0.328,0.324,5.95506,11.2401,13.423,12.5551,,,,8.93,8.694
180776930,,,,,,,Sector 26,1.0,27.8832,272.981369079413,32.4297793459449,55.822683542624,274.482125279573,3028.0,5.09585,0.116,0.165,24.8053,13.336,16.79,14.7933,,,,10.893,10.581
141278252,,,,,,,Sector 23,1.0,65.84197,190.623504236045,25.0617198253564,27.0693248982042,179.016873799946,3173.0,4.93737,0.274,0.281,10.9013,12.5351,15.64,13.9069,,,,10.051,9.79
85262898,,,,,,,Sector 26,1.0,14.8029,275.868060995279,28.1677600716485,51.437833872244,278.313341565944,3321.0,4.86667,0.304,0.305,7.50509,10.0245,12.49,11.3533,,,,7.74,7.472
440955956,,,,,,,Sector 11,1.0,27.9931,225.805184122355,-28.6704957927793,-10.9500524936715,231.4663996469,2916.0,5.10319,0.136,0.179,25.727,13.539,17.04,15.0752,,,,10.981,10.64
88098880,,,,,,,Sector 21,1.0,31.8823,148.490856700165,22.6131414861449,9.25732340551112,142.882479747322,2952.0,5.13684,0.109,0.161,30.3577,14.0065,17.91,15.5153,,,,11.458,11.153
365949661,,,,,,,"Sector 14, Sector 20, Sector 21",3.0,24.7798,181.174809722194,76.0617644419452,63.1804911273283,122.26022745511,2877.0,5.17474,0.11,0.161,36.4767,13.8593,17.74,15.4309,,,,11.244,10.869
408093716,,,,,,,"Sector 16, Sector 17, Sector 24",3.0,25.0711,326.287811774632,61.7958867263778,65.9078681985541,15.6158495390831,3438.0,4.87617,0.287,0.291,7.88568,11.0037,13.84,12.1947,,,,8.931,8.692
129740457,,,,,,,Sector  3,1.0,31.2888,35.2346682101679,-37.437409755742,-47.7271574649378,15.3870653199281,3091.0,4.95191,0.157,0.194,11.7788,12.494,15.0,13.9162,,,,10.071,9.777
219751364,,,,,,,"Sector 14, Sector 15, Sector 16, Sector 17, Sector 18, Sector 19, Sector 20, Sector 22, Sector 23, Sector 24, Sector 25, Sector 26",12.0,29.1571,261.166430358854,61.797436623124,83.8884546851223,227.02607829525,3383.0,4.82451,0.277,0.283,6.05129,10.9919,13.385,12.2181,,,,8.856,8.612
18910251,,,,,,,Sector 22,1.0,27.6181,180.823851817917,38.8797975307862,35.4748483322159,162.903468943646,3259.0,4.94821,0.208,0.23,11.5493,12.037,15.15,13.3722,,,,9.762,9.477
369387082,,,,,,,"Sector 19, Sector 25",2.0,37.3401,51.6871287056828,71.1414672420249,50.1162391339299,71.7895934293321,3251.0,4.93429,0.135,0.178,10.7244,12.5612,15.196,13.8818,,,,10.268,10.022
415783664,,,,,,,Sector 10,1.0,28.8838,184.658139986489,-20.4021277194904,-16.8318126909036,192.581912293519,3133.0,5.00813,0.173,0.205,15.852,12.6916,15.94,14.0881,,,,10.293,10.033
450335809,,,,,,,Sector 23,1.0,36.1366,192.870618582906,24.2765784202663,27.2571605065646,181.46675054623,3242.0,4.91661,0.185,0.214,9.76139,12.4265,15.191,13.7557,14.541,13.3252,12.2277,10.068,9.81
277560927,,,,,,,"Sector 15, Sector 16",2.0,49.1696,310.929426767231,55.1629976315124,67.6270333709089,349.481882943742,3430.0,4.79028,0.473,0.449,5.11201,11.8406,14.11,13.0406,,,,9.73,9.486
229565468,,,,,,,"Sector 24, Sector 25",2.0,25.4779,239.871820158146,23.3608303309414,42.8153066591357,231.085035208411,3119.0,5.05018,0.181,0.211,19.7004,12.7537,15.73,14.1515,15.0693,13.7539,12.4929,10.382,10.066
419866654,,,,,,,"Sector 15, Sector 16",2.0,31.9013,327.972525480988,46.5876247105204,54.2386508763505,355.541228853288,3355.0,4.88451,0.243,0.257,8.23795,11.6927,14.078,12.9402,,,,9.54,9.282
143022742,,,,,,,Sector  4,1.0,70.7878,54.4669196099915,-30.0571774164359,-47.7064779138074,41.6249716723763,3414.0,4.77364,,0.458860993385315,4.71948,12.531,15.26,13.7476,,,,10.429,10.154
122136861,,,,,,,Sector 14,1.0,20.9409,289.921153438511,41.4635529246899,62.592242115619,303.689061681073,2921.0,5.15625,0.094,0.151,33.3614,13.2353,16.9,14.7624,,,,10.678,10.374
280183258,,,,,,,Sector  7,1.0,36.6519,114.432694544807,5.91023731378142,-15.4119214344129,115.262883470604,3342.0,4.82053,0.343,0.336,5.9321,11.5512,14.053,12.8082,,,,9.351,9.078
359330905,,,,,,,Sector 14,1.0,29.9795,291.175317078418,23.4402191036985,44.8518523012813,297.870970312652,3418.0,4.95495,0.216,0.237,11.971,11.971,15.2,13.1827,,,,9.929,9.708
322270620,,,,,,,"Sector 12, Sector 13",2.0,68.9109,296.829812565017,-87.3215581136482,-64.1439359420912,272.772041084673,3551.0,4.74501,,0.491322994232178,4.12644,12.0936,14.158,13.225,,,,10.065,9.889
410153553,,,,,,,Sector  1,1.0,14.8846,340.49215556875,-69.1689780353653,-54.1225694496447,304.887051401227,3004.0,5.08528,,0.188623994588852,23.5297,11.9238,15.24,13.3925,,,,9.477,9.145
67649637,,,,,,,Sector  3,1.0,36.2247,18.8742385201138,-33.4312101831148,-37.796672570216,2.07005781312456,3112.0,4.94693,0.099,0.154,11.4708,12.7408,15.603,14.1516,,,,10.37,10.056
317177585,,,,,,,Sector 26,1.0,9.92533,280.290659972386,24.7873414544649,47.7294169956733,283.952519865048,3132.0,4.86817,0.279,0.285,7.56399,9.34989,12.52,10.7227,,,,6.912,6.616
230395127,,,,,,,"Sector 14, Sector 15, Sector 16, Sector 17, Sector 18, Sector 20, Sector 21, Sector 22, Sector 23, Sector 24, Sector 25, Sector 26",12.0,50.5312462,286.689880230686,63.9445426133405,82.5672248450987,347.196380737888,3190.0,4.86699,0.252,0.264,7.51761,12.2063,15.13,13.5675,14.5166,13.1265,12.1457,9.948,9.656
22760643,,,,,,,Sector 10,1.0,15.834,185.755972024127,-46.619008970889,-39.7491375725524,207.272562972338,3219.0,4.9601,0.24,0.254,12.3031,10.8345,13.9,12.1693,,,,8.627,8.362
67072736,,,,,,,"Sector 16, Sector 17",2.0,17.8511,342.585486156638,51.6073389638324,52.4697601605699,13.4057584502579,3121.0,5.06126,0.153,0.191,20.8453,11.9602,15.46,13.3597,,,,9.653,9.372
38698751,,,,,,,"Sector  1, Sector  2, Sector  3, Sector  4, Sector  5, Sector  7, Sector  8, Sector  9, Sector 10, Sector 11, Sector 12, Sector 13",12.0,22.7705,66.3779118532966,-63.9300112899779,-79.8333326118345,3.9350274272823,2906.0,5.15728,0.129,0.174,33.528,13.4923,17.28,15.0367,,,,10.953,10.563
121158260,,,,,,,"Sector  4, Sector  5",2.0,36.49796,58.190597459615,-18.3697485205756,-37.5859417904851,50.8568097816894,3192.0,4.81869,0.205,0.228,5.87779,11.5586,14.371,12.918,,,,9.306,9.034
206361339,,,,,,,"Sector  1, Sector  2",2.0,19.4616,356.633556500652,-50.7242903527154,-44.0626076420581,331.57689783769,3195.0,5.01902,0.218,0.238,16.7776,11.737,14.491,13.0862,,,,9.508,9.256
369532126,,,,,,,Sector 16,1.0,35.2959,338.581221756345,33.5729078641611,38.9317571948941,355.63641688772,3258.0,4.89566,0.254,0.265,8.73586,12.0858,14.92,13.4024,,,,9.859,9.591
86888067,,,,,,,Sector 13,1.0,27.8078,272.431428038278,-47.3416709894456,-23.9175988416499,271.80212209773,3216.0,5.01265,0.194,0.22,16.23,12.5521,15.69,13.8943,,,,10.322,9.984
346594558,,,,,,,Sector 18,1.0,43.3343,55.2768902665026,27.7267872584012,7.90122163297947,59.4001806150898,3340.0,4.86662,0.236,0.252,7.503,12.2141,14.667,13.4748,,,,10.047,9.804
357388332,,,,,,,"Sector 15, Sector 16, Sector 21, Sector 22, Sector 23, Sector 24",6.0,67.36854,231.768954836478,61.6140216222711,72.8850166129885,178.574316895609,3322.0,4.83552,0.309,0.308,6.39665,12.181,14.705,13.471,,,,10.007,9.734
408261483,,,,,,,Sector 17,1.0,28.4105,18.0002760630391,15.0379237730885,6.85379146247239,22.3171180468133,2878.0,5.14867,0.119,0.167,32.1574,14.0596,18.13,15.6315,,,,11.351,10.984
20998906,,,,,,,Sector 18,1.0,34.9869,34.8228260903008,24.9440021304674,10.4264442719782,40.8132892228093,3387.0,4.80985,0.342,0.335,5.62554,11.2563,13.618,12.4826,,,,9.163,8.895
149143624,,,,,,,Sector 26,1.0,66.574,278.831845092074,14.2572350253914,37.3662524018017,280.791250934449,3319.0,4.76271,0.458,0.435,4.48148,12.4855,15.119,13.7732,,,,10.178,9.941
385368233,,,,,,,Sector 14,1.0,10.6128,290.411245288937,20.8675750288906,42.4668943403491,296.216908467531,3143.0,5.01844,0.185,0.214,16.7271,10.5428,14.17,11.9501,,,,8.219,7.935
17299996,,,,,,,Sector 21,1.0,10.0524,160.407816089353,37.6108776554018,27.0181164542058,146.901988857361,3185.0,5.0045,0.206,0.229,15.5532,10.2083,13.53,11.5573,14.9769,10.8992,10.3639,8.005,7.714
445461447,,,,,,,Sector 18,1.0,29.8304,29.0045552851496,55.8577949340389,40.6246813407954,49.704936941314,3442.0,4.83893,0.364,0.353,6.50804,11.1345,13.388,12.3228,,,,9.023,8.774
219223742,,,,,,,"Sector  3, Sector  4, Sector  5",3.0,7.11314,62.6171807158366,-53.6022606152962,-71.4571197709261,30.8853890493369,3087.0,5.13749,0.126,0.172,30.4543,10.5061,,11.9139,,,,8.213,7.9
288517585,,,,,,,"Sector 14, Sector 18, Sector 19, Sector 20, Sector 25, Sector 26",6.0,47.4749,273.947913079245,83.3915525103516,73.1476839367112,88.4338283451995,3169.0,4.86408,0.215,0.236,7.40513,12.7524,16.06,14.1351,,,,10.255,9.982
201878287,,,,,,,"Sector  2, Sector  3",2.0,10.0646,39.1352485028667,-59.4682070090775,-66.6083600534007,352.990924274247,2993.0,5.09189,0.142,0.183,24.3206,11.1535,14.397,12.6284,,,,8.695,8.341
274944242,,,,,,,Sector 24,1.0,45.46,233.460918704885,25.1695514640201,42.8009577172309,222.743524491355,3320.0,4.82575,0.248,0.261,6.08893,12.0551,14.65,13.3323,,,,9.819,9.586
25605269,,,,,,,"Sector  8, Sector  9",2.0,23.0836,144.724217435825,-33.8126153442667,-44.5415009734225,162.115382528668,2933.0,5.18329,0.133,0.177,38.0077,13.445,15.56,14.9593,,,,11.053,10.776
231917352,,,,,,,"Sector  5, Sector  6, Sector  7",3.0,11.1834,92.7203173723817,-43.4049041533233,-66.7967804375108,95.0207624776358,3321.0,4.92273,0.281,0.287,10.0842,9.73585,12.434,10.9921,,,,7.582,7.312
91305824,,,,,,,Sector 17,1.0,16.9161,27.8507210926439,21.3942954354484,9.30318029539992,33.4658876017413,3226.0,4.97802,0.233,0.249,13.5296,11.1836,13.907,12.5116,14.6111,13.4849,11.4537,8.907,8.644
149470658,,,,,,,Sector 22,1.0,27.9945,163.501985481801,16.1015861257732,8.39087624054787,158.620119614107,2952.0,5.11645,0.111,0.162,27.47,13.5867,17.46,15.0945,,,,11.077,10.731
241215572,,,,,,,Sector 20,1.0,22.5843,93.2954465548097,53.2986101482121,29.8853037623033,92.2709094499547,2947.0,5.11139,0.124,0.17,26.7922,13.1482,16.53,14.6549,,,,10.565,10.23
355175842,,,,,,,Sector 21,1.0,19.3537,139.82892890059,38.5210845441123,21.7560757294638,130.066942516452,3158.0,4.99416,0.218,0.238,14.7323,11.6936,14.04,13.0731,14.275,14.0198,12.2959,9.378,9.059
72884504,,,,,,,Sector  6,1.0,32.0667,86.2511565445513,-4.43037541386972,-27.8146704217314,85.7732918180155,3201.0,4.9068,0.197,0.222,9.26613,12.1136,14.915,13.47,,,,9.787,9.472
49593799,,,,,,,Sector  3,1.0,18.8086,37.0323165367541,-36.4723335937565,-47.5638514201319,17.9443697663483,3229.0,4.97694,0.225,0.244,13.4525,11.3929,14.082,12.7212,,,,9.141,8.866
232635922,,,,,,,"Sector 14, Sector 15, Sector 16, Sector 18, Sector 19, Sector 22, Sector 25, Sector 26",8.0,84.0287,281.137146126413,54.9501112355552,77.2224135189045,300.103338670041,3759.0,4.80439,,0.42,5.47617,12.7963,14.523,13.8434,,,,10.922,10.756
289540372,,,,,,,"Sector 14, Sector 15, Sector 16, Sector 17, Sector 18, Sector 19, Sector 20, Sector 21, Sector 22, Sector 24, Sector 25, Sector 26",12.0,30.3881,251.572646517483,63.5861619747238,81.7213575628953,192.418687384525,3334.0,4.91751,0.261,0.27,9.80834,11.7458,14.176,13.007,,,,9.64,9.441
153077621,,,,,,,"Sector  3, Sector  4",2.0,78.7806,49.6602340896956,-42.6423563078223,-57.6236113173784,27.2229680019255,,4.95373,,0.296000003814697,11.0664,9.441,11.09,10.822,,,,7.596,7.508
435939517,,,,,,,Sector  5,1.0,23.0548,66.039146434037,15.0876042703229,-6.4393340447372,66.7588014192862,3123.0,4.99855,0.184,0.213,15.076,12.1291,15.123,13.5277,,,,9.755,9.472
165096120,,,,,,,Sector  1,1.0,12.1622,322.698634900035,-40.7081816062939,-24.5607476623224,311.527242042524,3262.0,5.00534,0.196,0.222,15.622,10.4811,12.86,11.7862,,,,8.419,8.134
123013596,,,,,,,"Sector 14, Sector 26",2.0,15.5489,278.863701304662,45.7613738311294,68.6723203624192,287.191335149373,3311.0,4.92868,0.267,0.275,10.4084,10.491,13.026,11.7656,,,,8.314,8.075
190138951,,,,,,,Sector 12,1.0,5.31692,235.181404010083,-51.0266576492907,-30.5235805317659,245.361205732773,2824.0,5.22951,0.086,0.145,47.459,11.1031,,12.7557,,,,8.299,7.943
180776939,,,,,,,Sector 26,1.0,27.8693,272.967759293024,32.4223668698505,55.8156981544441,274.461206336669,3151.0,5.01743,0.323,0.32,16.6387,12.6451,15.78,14.0281,,,,10.301,10.024
305794603,,,,,,,"Sector 16, Sector 17, Sector 18, Sector 24",4.0,21.9705,317.864245474276,65.890701256082,71.1657778397835,20.2330261665661,3491.0,4.90993,0.261,0.271,9.42116,10.9229,13.091,12.0783,,,,8.88,8.676
284700100,,,,,,,"Sector 23, Sector 24",2.0,14.9029,223.61628080706,35.5491670782908,49.1723077116669,205.714744513032,3314.0,4.86458,0.427,0.407,7.4243,9.84748,12.55,11.102,,,,7.707,7.47
436933291,,,,,,,Sector 18,1.0,22.5626,43.8990794844133,26.8723512684377,9.71077569818122,49.3001619080115,3262.0,4.90085,0.31,0.31,8.97902,11.195,13.757,12.5033,,,,8.935,8.661
3664898,,,,,,,Sector 21,1.0,3.58014,127.455636742914,26.7760074390162,7.55177924471917,123.208579980154,2814.0,5.24894,0.093,0.15,52.1682,10.4956,14.74,12.1857,,,,7.617,7.26
397368419,,,,,,,Sector 18,1.0,23.0534,42.0405532803491,27.0738480780058,10.3928593521313,47.7536448786222,3132.0,5.05259,0.181,0.211,19.9446,12.5236,15.93,13.9371,,,,10.174,9.866
270772112,,,,,,,Sector  8,1.0,33.302,137.804722028913,1.45504708938931,-14.1101725639573,139.788081352805,3289.0,4.82288,0.358,0.349,6.00209,11.4541,14.085,12.7473,,,,9.186,8.888
386954864,,,,,,,Sector 22,1.0,61.685,172.846436775933,16.62073867509,12.4135968435757,166.785205366983,3278.0,4.71237,0.428,0.409,3.55697,12.0157,14.642,13.3232,,,,9.694,9.421
77156829,,,,,,,"Sector  4, Sector  5",2.0,19.8782,68.1776452049697,-39.7867076079512,-60.5618333430705,54.4651996487693,3563.0,4.88565,,0.338189989328384,8.28746,10.4276,12.6,11.5403,,,,8.501,8.264
155904410,,,,,,,Sector 19,1.0,51.9246,69.6737927614873,39.5706130737599,17.2735036034056,73.7153517614866,3302.0,4.82113,0.339,0.333,5.94987,12.2537,14.924,13.5395,,,,10.106,9.839
159971684,,,,,,,"Sector 23, Sector 24, Sector 25",3.0,45.13865,241.218598524652,48.4615256612283,66.6259161285414,216.413286290904,3289.0,4.78659,0.297,0.299,5.02163,11.331,14.15,12.6261,13.3237,15.5638,11.1585,9.049,8.788
455650825,,,,,,,Sector 16,1.0,21.874,332.591092192533,42.8493262162697,49.3059400315059,356.5596233958,3200.0,5.0474,0.148,0.187,19.4222,12.1643,15.018,13.5127,,,,9.943,9.715
308779412,,,,,,,Sector 18,1.0,26.0387,24.219907786344,52.2506873992201,38.7223995093272,44.3056283403784,3150.0,5.01641,0.206,0.229,16.5512,12.4919,15.79,13.8727,,,,10.149,9.869
71926656,,,,,,,Sector 18,1.0,41.1435,26.3907856281363,55.9257438806719,41.3686770286633,48.0294137203474,3455.0,4.81312,0.38,0.367,5.71733,11.6034,13.871,12.7871,14.5672,13.4596,11.7703,9.514,9.272
1042982,,,,,,,Sector 21,1.0,20.1908,154.144453488447,27.8635625220758,15.988318662341,145.850696920055,2811.0,5.24251,0.084,0.144,50.5485,14.4178,18.58,16.1343,,,,11.331,10.955
181804752,,,,,,,Sector  9,1.0,26.4927,165.691476612015,-16.4061904736575,-20.698071013271,173.544988680275,2949.0,5.12123,,0.171430006623268,28.1241,13.5571,16.91,15.0715,16.2672,14.3142,13.2565,10.993,10.644
10588033,,,,,,,Sector 26,1.0,37.1496,268.74193071946,32.6157436489143,56.0467389234286,268.10250911715,3373.0,4.89776,0.223,0.241,8.83336,12.1209,14.483,13.3615,,,,9.996,9.719
186700494,,,,,,,Sector  8,1.0,25.9768,133.225532623346,-35.1257335702059,-49.9031020546055,150.422462370979,3343.0,4.89799,0.29,0.293,8.84405,11.3294,13.806,12.5868,,,,9.185,8.944
336119141,,,,,,,"Sector 17, Sector 18, Sector 19, Sector 24, Sector 25, Sector 26",6.0,43.3002,314.145550357536,76.5464507529983,73.4785938590852,55.2623024544298,3191.0,4.89817,0.196,0.222,8.85268,12.6356,15.73,13.9959,14.7727,16.5471,12.3826,10.363,10.055
154874922,,,,,,,"Sector 14, Sector 19, Sector 20, Sector 25, Sector 26",5.0,32.1396,195.568005840881,87.1161236535692,67.1746041875693,97.177104667961,3291.0,4.88312,0.21,0.232,8.17796,11.7226,14.4,13.0166,,,,9.531,9.287
307210830,,,,,,,"Sector  2, Sector  5, Sector  8, Sector  9, Sector 10, Sector 11, Sector 12",7.0,10.6194,124.531756290083,-68.3129998725044,-76.8138284862677,203.32278202704,3429.0,4.91039,,0.314159989356995,9.44434,9.41242,11.685,10.5976,,,,7.359,7.101
328629163,,,,,,,Sector 21,1.0,16.5377,145.596632436144,55.9836854761661,39.4013957781069,126.679469945226,3311.0,4.84363,0.381,0.368,6.66561,9.9873,12.49,11.2488,12.1013,10.6419,10.4373,7.805,7.53
102286828,,,,,,,Sector  6,1.0,14.2471,89.2384709901573,11.7425453011806,-11.6947234107415,89.2386059544843,2933.0,5.15023,0.115,0.165,32.4022,12.3108,15.45,13.8269,,,,9.821,9.496
177122224,,,,,,,Sector  7,1.0,17.0729,106.299839112032,-10.1313196472316,-32.4949420189824,109.121528697438,3079.0,5.06124,0.156,0.193,20.8423,12.0256,15.101,13.4522,,,,9.613,9.275
353473511,,,,,,,Sector 19,1.0,24.2678,66.3298272857846,37.0856646327664,15.2258466729462,70.6147447297928,2960.0,5.06941,0.153,0.191,21.7233,12.8536,16.63,14.3477,15.5367,14.0762,12.5518,10.369,10.096
396741152,,,,,,,"Sector 19, Sector 20",2.0,28.4716,97.738866223578,67.3548966529596,44.0266665380342,94.135036908205,3105.0,5.02721,0.147,0.187,17.5053,12.8716,16.04,14.2791,,,,10.452,10.142
138120958,,,,,,,"Sector 19, Sector 20, Sector 26",3.0,31.6378,92.5760449277661,72.2001201090367,48.7715204187559,91.1945259576491,3476.0,4.77904,0.372,0.361,4.8427,10.7279,12.904,11.8953,,,,8.675,8.445
392072325,,,,,,,Sector 20,1.0,25.6037,110.675040090482,30.6699280755797,8.50514276364268,107.881968989553,3378.0,4.86983,0.309,0.309,7.62936,10.9725,13.32,12.2058,12.988,11.6492,11.2015,8.917,8.687
229741284,,,,,,,"Sector 14, Sector 15, Sector 16, Sector 17, Sector 19, Sector 20, Sector 21, Sector 22, Sector 23, Sector 24, Sector 25, Sector 26",12.0,41.4883,279.689173688433,70.6756330321529,84.5893524027763,53.7969262960782,3395.0,4.84321,0.269,0.277,6.65157,11.9018,14.57,13.1272,,,,9.749,9.524
115656691,,,,,,,Sector 17,1.0,20.9638,8.65784933527202,40.8339242985057,33.683718583836,25.9859597377524,2859.0,5.22446,0.08,0.141,46.3163,13.7742,17.82,15.3524,16.8484,15.36,13.4913,11.213,10.88
316622196,,,,,,,"Sector 18, Sector 19",2.0,46.5969,52.7203169399676,56.4590402351503,36.1451452220675,65.5157953228843,3348.0,4.77921,0.484,0.459,4.84662,11.7896,14.247,13.0462,,,,9.531,9.287
246965431,,,,,,,Sector 18,1.0,61.171,35.2133592446371,23.5208142421241,8.96553693335889,40.6770778028191,3580.0,4.76633,,0.48,4.39454,12.0828,13.947,13.1344,,,,9.7,9.553
258796169,,,,,,,Sector 17,1.0,28.1016,14.8179483343677,13.860024620636,6.95065588049113,18.9954309997592,3244.0,5.07736,,0.192728996276855,22.6124,12.8872,14.753,14.2131,,,,10.713,10.47
82598945,,,,,,,"Sector 25, Sector 26",2.0,37.9214,255.880580978438,37.4289950358349,59.7641599959599,247.375175201437,3282.0,4.87472,0.278,0.284,7.82639,12.0802,14.731,13.3817,14.1166,16.9128,11.873,9.84,9.579
287217313,,,,,,,Sector  9,1.0,34.5054,164.880740252588,-24.1652986017259,-28.0505187899443,176.394650678612,2829.0,5.23577,0.088,0.147,48.919,15.0383,,16.67,,,,12.392,12.058
219704346,,,,,,,"Sector 14, Sector 20",2.0,12.2812,135.720297000289,68.0629369987725,48.3571694784449,113.735620867851,3290.0,4.94742,0.236,0.252,11.5006,10.0828,12.62,11.358,,,,7.985,7.711
252994289,,,,,,,Sector 20,1.0,35.6246,122.94819799108,53.1975753284947,32.3214226105326,112.67803924744,3450.0,4.75366,0.484,0.459,4.29545,10.7721,13.073,11.9568,12.5986,11.4034,11.307,8.709,8.518
108645766,,,,,,,Sector  7,1.0,56.336,112.445395367513,-28.4831777558872,-49.5250860680387,121.130808757729,3301.0,4.91483,,0.302,9.66974,13.2312,15.62,14.5292,,,,11.013,10.76
67649023,,,,,,,Sector  3,1.0,27.7771,18.6527595492578,-34.5808238907831,-38.7173404059624,1.16263227094227,3100.0,5.02524,0.165,0.2,17.3274,12.7578,15.777,14.1715,,,,10.361,10.074
406857100,,,,,,,"Sector 14, Sector 15, Sector 16, Sector 17, Sector 18, Sector 20, Sector 21, Sector 23, Sector 24, Sector 25, Sector 26",11.0,7.64519,274.738468394886,66.1925837270279,88.0663258976501,351.204863001363,3120.0,5.12163,0.127,0.173,28.1785,10.5292,13.443,11.9203,,,,8.264,7.948
22850303,,,,,,,Sector 10,1.0,22.9056,185.910778245952,-46.1056393195495,-39.2536337852454,207.050204747131,3289.0,4.90188,0.249,0.261,9.02798,11.1445,13.757,12.4372,,,,8.938,8.702
368319770,,,,,,,Sector 24,1.0,33.36151,232.975682178736,28.8526906017164,46.1283269161076,220.447972947663,3168.0,4.85453,0.347,0.339,7.04864,11.4532,14.315,12.8297,,,,9.11,8.82
29960109,,,,,,,Sector  4,1.0,37.8932,42.2492904652083,-14.5378417949533,-29.2874303173408,34.7609912507456,3450.0,4.7842,,0.45,4.96413,11.2003,12.659,12.385,,,,9.125,8.875
160602790,,,,,,,"Sector 14, Sector 15, Sector 16, Sector 18, Sector 19, Sector 20, Sector 21, Sector 22, Sector 23, Sector 24, Sector 26",11.0,29.6962,244.587211082871,75.7189635094158,77.8931331254833,120.313018792438,3210.0,4.99447,0.208,0.231,14.7561,12.5376,15.31,13.8834,,,,10.277,9.991
366917144,,,,,,,"Sector 17, Sector 18, Sector 19, Sector 24, Sector 25",5.0,39.1543,337.845361685991,73.0965455776932,67.140262129645,46.115828063308,3359.0,4.8547,0.268,0.276,7.05476,11.8362,14.33,13.0864,,,,9.739,9.489
178709444,,,,,,,Sector 10,1.0,98.4458,166.075762910313,-47.8213908465722,-48.0883652713363,192.671741691424,3296.0,4.8023,,0.426784992218018,5.42029,13.6615,16.0,14.9535,,,,11.348,11.084
299209219,,,,,,,Sector 16,1.0,35.2015,340.1741758366,44.5964897108907,47.7517455005809,4.92354794693194,3372.0,4.73247,0.464,0.441,3.89545,10.7501,13.56,11.99,,,,8.58,8.342
229555294,,,,,,,"Sector 24, Sector 25",2.0,65.32165,239.078536697322,23.7900667650305,43.0272866518241,229.968972740285,3250.0,4.91024,0.186,0.214,9.43706,12.4741,15.72,14.1924,,,,10.371,10.117
332064684,,,,,,,Sector 21,1.0,12.4773,133.17026145314,28.3163402347975,10.3583075196976,127.754624270115,3187.0,4.93735,0.255,0.266,10.9006,10.3334,13.152,11.6798,,,,7.933,7.666
188591805,,,,,,,"Sector 24, Sector 25",2.0,34.4496,240.596788564433,33.1713378730522,52.3785168159672,227.68595034588,3238.0,4.95331,0.182,0.211,11.8672,12.559,15.68,13.8859,14.6549,13.4141,12.3717,10.263,9.997
29960110,,,,,,,Sector  4,1.0,37.8871,42.2469701843868,-14.5374842373692,-29.2863355003103,34.7587056995478,3506.0,4.75286,,0.482387989759445,4.27954,10.9473,12.26,12.0966,,,,8.876,8.646
379079110,,,,,,,Sector 23,1.0,37.8031,204.38834467914,8.5818198657649,17.4167061474301,199.292752862764,3357.0,4.84029,0.392,0.377,6.55313,11.7353,14.21,12.9802,13.676,12.4377,12.0576,9.565,9.299
256771035,,,,,,,"Sector 19, Sector 20, Sector 25, Sector 26",4.0,25.2382,59.4189760478163,81.9237077932837,59.3470269463944,81.9409327315526,3209.0,5.00491,0.15,0.189,15.5866,12.2581,15.008,13.6028,14.9926,14.1926,12.1446,10.001,9.716
77634567,,,,,,,Sector 18,1.0,30.6697,43.6989138934565,34.4452690788232,16.9967190306412,51.4315482501136,3211.0,4.96169,0.234,0.25,12.4077,12.3589,15.137,13.7089,,,,10.098,9.81
61587960,,,,,,,"Sector  6, Sector  7",2.0,31.7155,102.895746320818,-17.6383764515204,-40.3548928226607,106.206348920176,3070.0,5.1023,0.149,0.188,25.6135,13.5918,17.05,15.0166,16.0361,14.2872,13.3248,11.22,10.905
343410928,,,,,,,"Sector 15, Sector 16, Sector 17, Sector 18, Sector 24",5.0,25.4847,310.111983324445,65.0074739190408,73.7607621913775,13.2448891236985,3120.0,4.98484,0.185,0.214,14.0264,12.2656,15.229,13.6713,,,,9.861,9.586
244256833,,,,,,,Sector  5,1.0,21.7106,74.4942414092218,-5.10457750594118,-27.6074414545514,72.5131227474006,3201.0,4.99118,0.205,0.229,14.5026,11.8457,14.641,13.1941,14.0071,12.8314,11.6106,9.579,9.286
24108819,,,,,,,"Sector 24, Sector 25",2.0,15.7606,241.640811029944,40.9061204704987,59.9216139280856,224.250673369008,2833.0,5.20031,0.095,0.151,41.2432,13.2266,17.65,14.8561,,,,10.423,10.072
423448566,,,,,,,Sector  4,1.0,27.0411,51.3395796809937,-16.2376337106806,-33.6946636255587,43.872052160493,3101.0,5.08753,0.166,0.2,23.7959,13.0286,15.4,14.4402,,,,10.747,10.457
434131573,,,,,,,Sector  5,1.0,32.9639,55.6325973435015,12.2729118103944,-7.22738966633727,56.2193990954103,3208.0,4.87475,0.235,0.251,7.82754,11.887,14.657,13.242,,,,9.549,9.275
34527902,,,,,,,Sector  6,1.0,31.5113,95.5280973627001,-16.5133990940013,-39.8202352784268,96.9066517598451,3138.0,4.98222,0.171,0.204,13.8339,12.6657,15.28,14.0635,,,,10.341,10.027
54469098,,,,,,,"Sector 18, Sector 24, Sector 25",3.0,22.6769,19.4275245921595,64.984731360262,50.8477359922585,50.8315373656677,3333.0,4.91084,0.252,0.264,9.46683,11.089,13.55,12.3488,,,,8.985,8.752
289719891,,,,,,,Sector  4,1.0,22.7586,36.1279300100888,-17.2784360251249,-29.7653050771071,27.3180665461277,2917.0,5.16519,0.138,0.18,34.8349,13.5091,16.95,15.0403,,,,10.951,10.617
57031043,,,,,,,"Sector 24, Sector 25",2.0,17.6814,249.255970209356,35.595786751914,56.773799724894,238.290148282646,2876.0,5.18923,0.086,0.145,39.1072,13.1366,16.79,14.6958,16.1185,13.9736,12.8747,10.545,10.24
259962054,,,,,,,"Sector  1, Sector  2, Sector  3",3.0,24.7894,43.018707574081,-67.6876590144493,-72.1418454433165,334.844836879595,3209.0,5.01096,,0.23,16.0876,12.2423,15.017,13.588,,,,10.053,9.722
388802555,,,,,,,Sector 22,1.0,12.8014,172.234410153374,10.1775697486183,6.27015567937354,168.844978241226,3315.0,4.93097,0.327,0.323,10.5361,10.0742,12.64,11.3379,12.1298,10.7152,10.796,7.994,7.671
274127413,,,,,,,"Sector 14, Sector 15",2.0,4.66076,298.479745138446,44.4150400758391,63.1059935558237,318.849828572255,2865.0,5.195,0.106,0.158,40.2061,10.3482,13.052,11.919,,,,7.728,7.387
115347396,,,,,,,Sector  3,1.0,22.7102,27.555206752396,-37.6977850031122,-44.9619303445295,7.51899893009408,3244.0,4.97195,0.226,0.244,13.1021,11.7741,13.78,13.0923,,,,9.537,9.237
137025855,,,,,,,"Sector 15, Sector 16, Sector 22",3.0,12.1858,197.55262250802,47.7551865010075,49.4503932102932,170.397670661909,3069.0,5.08188,0.166,0.2,23.1316,11.3901,14.59,12.8205,13.8252,15.9492,11.7051,8.995,8.687
297262361,,,,,,,Sector 15,1.0,16.6595,313.242421417005,43.1733883876009,57.042136005216,336.691848613148,3370.0,4.94385,0.235,0.251,11.2841,10.6808,13.072,11.916,,,,8.578,8.345
236770208,,,,,,,"Sector 14, Sector 15, Sector 16, Sector 17, Sector 19, Sector 20, Sector 21, Sector 22, Sector 23, Sector 24, Sector 25, Sector 26",12.0,18.8617,274.312537795267,68.5552652087949,87.4149719619394,52.4422571693444,3145.0,5.14017,0.126,0.172,30.8545,12.4887,15.93,13.8717,,,,10.283,10.036
461654150,,,,,,,Sector 20,1.0,18.8687,121.858617661366,32.2194641192085,11.7323635187787,117.134098439223,2789.0,5.26551,0.066,0.132,56.6961,14.7217,19.38,16.514,18.5499,15.9844,14.3559,11.455,11.051
393715780,,,,,,,Sector 23,1.0,30.4878,201.170243545766,0.992414247157882,9.17919184060649,199.184350156248,3242.0,4.87294,0.283,0.288,7.75421,11.6835,14.369,13.0074,13.7601,12.4763,11.4711,9.347,9.091
235062311,,,,,,,"Sector  5, Sector  6",2.0,30.4509,85.3891653645844,-46.5652834391273,-69.8567878693715,80.7645157030248,3178.0,5.01073,0.186,0.214,16.0686,12.7302,15.68,14.097,,,,10.447,10.167
332799564,,,,,,,Sector  4,1.0,15.273,33.2275939852774,0.0046823298478049,-12.5853344956627,31.0081267269304,3202.0,4.94533,0.251,0.263,11.3736,10.7681,13.515,12.1125,,,,8.518,8.168
457464640,,,,,,,Sector 11,1.0,20.2521,217.422388356315,-48.1420830496901,-31.469435325001,231.586753203439,2989.0,5.17716,0.158,0.194,36.9033,13.0518,15.74,14.5233,,,,10.781,10.448
241032942,,,,,,,"Sector 17, Sector 18",2.0,44.6097,20.5796874533995,52.7929988832496,40.2545022173852,42.1173620846794,3602.0,4.85189,0.318,0.316,6.9536,11.91,13.895,13.001,,,,9.969,9.75
396823875,,,,,,,Sector  8,1.0,17.6284,148.174079279706,-15.6038226428123,-26.6680589189475,156.313394276517,3315.0,4.94883,0.271,0.278,11.5877,10.9155,13.463,12.1871,,,,8.726,8.507
469966735,,,,,,,"Sector  1, Sector  2",2.0,28.2827,358.841106319938,-58.0009908590438,-50.6976566483711,326.76353330195,2828.0,5.21061,0.117,0.166,43.3323,14.5292,18.4,16.1641,,,,11.797,11.42
42071226,,,,,,,Sector  3,1.0,8.739,24.8405393462716,-39.6024917971909,-45.5291556648229,3.55196962577882,2973.0,5.12683,0.134,0.177,28.9081,11.1031,14.403,12.5902,,,,8.629,8.274
431515565,,,,,,,Sector 17,1.0,16.3147,357.013075288921,49.0159183560346,44.9260648478983,22.3228831123972,3608.0,4.89787,0.272,0.279,8.83838,10.0931,12.095,11.164,,,,8.142,7.933
53255031,,,,,,,Sector 19,1.0,13.5021,89.9820195991665,58.5708920955568,35.1316114715716,89.9885336423943,3184.0,4.98109,0.219,0.239,13.7511,10.7418,13.558,12.0974,,,,8.458,8.178
298811296,,,,,,,Sector  5,1.0,33.8750534,69.5105225374968,-5.93707507980407,-27.7435211921276,66.8349824534724,3133.0,4.78553,0.175,0.207,4.996,11.5102,14.501,12.9064,,,,9.136,8.818
458646837,,,,,,,Sector  7,1.0,41.2996,125.348684088964,7.81792162421565,-11.3398855191162,125.773732197076,3203.0,4.89589,0.277,0.283,8.74676,12.5072,15.327,13.8583,14.6812,18.2462,12.2816,10.226,9.934
125421413,,,,,,,Sector 11,1.0,10.8152,209.793376661533,-19.8343503068477,-7.20288931864073,214.630398191236,3174.0,4.94869,0.246,0.259,11.579,10.0533,12.938,11.4084,,,,7.761,7.445
408110150,,,,,,,Sector  4,1.0,29.9116,32.685659108709,-9.64055890744009,-21.4337729387401,26.9491193393547,3181.0,4.96818,0.199,0.224,12.8428,12.3843,15.215,13.7481,14.5838,13.4577,12.1149,10.115,9.806
323429176,,,,,,,"Sector 11, Sector 12, Sector 13",3.0,22.0768,132.246658172786,-80.583778405995,-72.4197103985753,248.643252130089,3134.0,5.01538,0.184,0.213,16.4626,12.1793,15.33,13.5713,,,,9.788,9.503
408198718,,,,,,,Sector 19,1.0,26.1437,63.1455196225883,35.4998171491663,14.1149854495878,67.7154323391932,3017.0,5.00457,0.191,0.218,15.5589,12.5219,16.04,13.9816,,,,10.106,9.79
251052853,,,,,,,Sector 19,1.0,26.6707,60.3849348354233,41.1105999049299,20.0419239018201,66.6510788862458,3203.0,5.08767,0.147,0.186,23.8125,12.8301,16.34,14.1751,,,,10.706,10.428
1447223,,,,,,,Sector  5,1.0,24.0269,74.851650629154,-30.9327180906661,-53.2219003592024,68.0135727678885,3150.0,4.97009,0.174,0.206,12.9732,12.0252,14.926,13.4057,,,,9.627,9.345
317180704,,,,,,,Sector 26,1.0,21.0793,280.449657102878,24.3665819193157,47.2957001262169,284.099349921351,2847.0,5.20766,0.089,0.147,42.7232,13.7241,17.69,15.3147,,,,11.089,10.759
447061717,,,,,,,"Sector  9, Sector 10",2.0,27.6227,156.747889309047,-52.4694292630656,-55.4116422030942,189.613328427274,3567.0,4.76796,,0.46527099609375,4.59399,10.2565,12.36,11.36,,,,8.285,8.069
431422746,,,,,,,"Sector 17, Sector 24",2.0,23.8594,356.419822479889,49.7083221457747,45.7156702733202,22.4256310592656,3273.0,4.92055,0.221,0.24,9.96774,11.4649,14.22,12.7674,,,,9.189,8.94
181202771,,,,,,,Sector 10,1.0,15.3156,174.603992086584,-41.3756985208603,-39.3843432208182,194.857453075625,3253.0,4.99312,0.206,0.229,14.6518,11.055,14.24,12.3642,,,,8.864,8.543
115862370,,,,,,,Sector 17,1.0,40.8508,11.6486146470444,36.6109837836924,28.8617529527046,26.1460420952636,3436.0,4.86211,0.187,0.215,7.32996,11.9332,14.249,13.1315,14.6011,15.8547,11.9938,9.856,9.64
336128819,,,,,,,"Sector 14, Sector 26",2.0,33.3631,281.176524484804,36.562368209087,59.3143814295049,287.762675064899,3384.0,4.87998,,0.343879997730255,8.04461,11.7371,14.32,12.9643,,,,9.604,9.343
457201880,,,,,,,Sector  5,1.0,35.2772,72.2093401560947,5.18015697613409,-17.1198089556954,71.4338081806085,3223.0,4.91164,0.279,0.284,9.50734,12.2775,15.17,13.6163,,,,10.022,9.718
191463042,,,,,,,Sector 17,1.0,34.8056,10.9539930929671,46.2725462308374,37.6443633397545,31.0119339808079,3259.0,4.96637,0.186,0.214,12.7198,12.5747,15.25,13.8873,,,,10.403,10.121
326204080,,,,,,,Sector 15,1.0,24.8302,328.049091120955,27.4167445893174,37.5403781412219,341.786847519152,3323.0,4.95077,0.232,0.248,11.7074,11.5364,14.061,12.8094,13.4857,16.336,11.3417,9.473,9.266
235773316,,,,,,,Sector 26,1.0,37.5553,282.607234343298,17.7473605102966,40.4948507148893,285.864201945303,3392.0,4.84363,0.332,0.327,6.66569,11.709,14.018,12.933,,,,9.561,9.311
139405621,,,,,,,Sector 18,1.0,22.1547,38.5002187263446,41.7802866504817,25.2546591034738,49.8142520234473,3358.0,4.92342,0.246,0.259,10.1215,11.1825,13.613,12.4241,,,,9.059,8.802
156491690,,,,,,,"Sector 14, Sector 15, Sector 20, Sector 21, Sector 22, Sector 26",6.0,14.5182,217.805952897275,75.4450654829724,71.6798024406671,129.17468090388,3221.0,5.06664,0.161,0.197,21.421,11.451,14.064,12.7834,,,,9.252,8.961
96869159,,,,,,,Sector 19,1.0,21.2085,74.2634105747905,33.5327298200219,10.8175380651,76.693094411855,2868.0,5.15718,0.111,0.162,33.5115,13.5207,16.91,15.1021,,,,10.761,10.408
283410775,,,,,,,Sector 15,1.0,9.10166,330.304680460697,28.3069202892186,37.4851007697142,344.539056722044,3240.0,4.91175,0.281,0.286,9.51276,9.32681,12.005,10.6319,13.2815,11.8101,9.99187,7.035,6.777
170789802,,,,,,,Sector  5,1.0,33.4412,69.6142940886827,-31.1894233927199,-52.5708676372576,60.6402525208533,3383.0,4.89132,,0.332563996315002,8.53844,11.8371,14.226,13.0699,,,,9.71,9.439
219807052,,,,,,,"Sector 14, Sector 15, Sector 16, Sector 17, Sector 18, Sector 19, Sector 20, Sector 21, Sector 23, Sector 24, Sector 25, Sector 26",12.0,28.9586,266.549227920967,60.4063314908665,83.6581093965579,254.389347018379,3146.0,4.88041,0.223,0.242,8.06271,11.9234,14.702,13.3159,14.1716,12.8328,11.5902,9.372,9.039
158075432,,,,,,,"Sector 23, Sector 24",2.0,37.5839,220.357084135779,28.6574844878953,41.761122933254,206.306430957675,3350.0,4.81865,0.359,0.35,5.87664,11.5732,13.968,12.8273,13.5841,12.3129,11.6621,9.367,9.118
12421862,,,,,,,Sector  2,1.0,23.7262,2.26815992112666,-27.1221332878693,-25.6124309634371,350.487481889447,3782.0,4.78389,,0.447335988283157,4.95665,9.92801,11.688,10.9187,,,,8.143,7.856
349534426,,,,,,,"Sector 25, Sector 26",2.0,20.499,264.402025175941,22.0972697210219,45.3929574862265,262.605190071294,3242.0,4.95565,0.217,0.237,12.0156,11.4328,14.33,12.7565,15.6674,15.2936,12.0288,9.173,8.888
271596225,,,,,,,"Sector  1, Sector  2, Sector  3, Sector  4, Sector  5, Sector  6, Sector  7, Sector  8, Sector  9, Sector 10, Sector 11, Sector 12, Sector 13",13.0,56.1927,108.561734606872,-74.6025441369553,-79.9553831783509,241.014315735485,3607.0,4.76051,,0.473702013492584,4.43549,11.7144,13.689,12.8028,,,,9.781,9.557
53307637,,,,,,,Sector 20,1.0,23.117,116.675170432409,57.4481031548196,35.598420060666,107.281785499398,3125.0,4.91449,0.249,0.261,9.65229,11.4717,14.445,12.8673,,,,9.108,8.823
173007760,,,,,,,Sector 22,1.0,22.3523,164.776305428949,30.2534185047197,21.8405688100627,153.889228926544,3096.0,5.03196,0.181,0.211,17.9401,12.3698,15.44,13.7859,14.7291,13.4241,12.1467,9.94,9.651
275190266,,,,,,,"Sector 18, Sector 19, Sector 24, Sector 25",4.0,25.8736,10.9103715531407,75.7542401872362,60.5449338644284,60.5684109865287,3227.0,4.95787,0.199,0.224,12.1586,11.9383,14.629,13.2726,,,,9.674,9.411
158460902,,,,,,,"Sector 15, Sector 16, Sector 21, Sector 22",4.0,45.5735,203.315848497887,62.4272191252806,62.393726614147,156.535942005152,3307.0,4.79799,0.214,0.235,5.30726,11.9352,14.467,13.222,,,,9.633,9.379
176935123,,,,,,,"Sector  1, Sector  2, Sector  4, Sector  5, Sector  6, Sector  7, Sector  8, Sector  9, Sector 10, Sector 11, Sector 12",11.0,13.4852,100.613116833192,-67.1221573532265,-85.7937957995554,192.520447795789,2906.0,5.21,0.105,0.158,43.2065,12.4744,15.73,14.0038,,,,10.151,9.807
345454031,,,,,,,Sector  5,1.0,34.9319,58.1430650196165,11.2607875748439,-8.75408011042601,58.4165186534345,3393.0,4.82472,0.328,0.324,6.0576,11.4039,13.794,12.6262,13.335,12.012,11.4853,9.245,9.006
207148580,,,,,,,"Sector  2, Sector  3",2.0,22.0179,45.7529055727095,-55.4146257788746,-66.504136792653,6.56501095960781,3158.0,5.02985,0.186,0.214,17.7458,12.2073,15.117,13.5816,,,,9.932,9.603
389167079,,,,,,,Sector  5,1.0,43.7646,75.2780929380613,14.9934179392992,-7.7158723855941,75.6574298745468,3483.0,4.8009,0.411,0.394,5.38317,11.634,13.844,12.7988,13.4122,12.2204,11.8926,9.528,9.313
41897526,,,,,,,Sector  3,1.0,63.9817,21.4501611486441,-36.1201657810161,-41.1734832862501,2.78259706769243,3444.0,4.87911,0.157,0.194,8.00816,13.0543,15.322,14.246,,,,10.935,10.75
125529556,,,,,,,Sector 21,1.0,19.7625,144.847145542673,29.724198748306,14.8341277690542,137.266601217944,2767.0,5.25867,0.077,0.139,54.7549,14.2011,18.22,15.9287,18.0636,15.3111,13.8019,11.416,11.071
406449790,,,,,,,Sector  4,1.0,28.0685,32.8985449177245,-11.89203195223,-23.6082318622172,26.2777050518942,3061.0,5.06414,0.14,0.182,21.1519,13.0895,16.66,14.5257,,,,10.713,10.375
165717667,,,,,,,Sector 22,1.0,26.123,164.192959557006,32.7743667816101,23.9260822130771,152.259844277272,3122.0,5.00843,0.14,0.182,15.8761,12.4622,15.46,13.8589,,,,10.096,9.817
353041931,,,,,,,Sector 19,1.0,36.9142,61.4367752481294,38.2481093586188,17.0745383402961,66.8708266345853,3202.0,4.92887,0.355,0.346,10.419,12.4891,15.21,13.8346,,,,10.21,9.954
118653298,,,,,,,Sector  4,1.0,23.0875,53.9872614660991,-10.5158305032505,-28.9338455874321,48.6589993226972,3164.0,5.09075,0.192,0.219,24.1822,12.684,15.588,14.055,,,,10.437,10.136
135222060,,,,,,,Sector 23,1.0,42.6926,214.668390355552,18.2022985887713,30.1019477060991,205.431584801415,3382.0,4.84396,0.369,0.358,6.67686,12.0054,14.4,13.2384,15.6718,15.5403,12.1075,9.843,9.592
310836370,,,,,,,"Sector 19, Sector 26",2.0,25.2604,77.3962402740252,70.3416488126975,47.1734675823718,83.8007266880871,3337.0,4.96599,0.219,0.239,12.6941,11.7637,14.189,13.0245,,,,9.672,9.422
345450130,,,,,,,Sector  5,1.0,42.753,57.8742433458179,9.72892974558425,-10.1940902444119,57.8228947943138,3288.0,4.81007,,0.418181002140045,5.63173,11.8693,14.474,13.1681,13.9826,12.6597,15.452,9.617,9.332
259168516,,,,,,,"Sector 14, Sector 15, Sector 16, Sector 17, Sector 18, Sector 19, Sector 20, Sector 21, Sector 22, Sector 23, Sector 24, Sector 25, Sector 26",13.0,37.2209,292.313380728815,65.9743672333425,81.0486268602493,6.54571693316931,3231.0,5.04064,,0.21,18.7613,13.3081,15.87,14.6457,,,,11.137,10.821
24005688,,,,,,,Sector 21,1.0,37.1743,163.29389893043,41.9273552856488,31.8689324217241,147.042423104002,3149.0,5.00801,0.15,0.189,15.8416,13.2154,16.7,14.6024,,,,10.867,10.58
32267557,,,,,,,Sector  3,1.0,56.8099,23.5721818848599,-34.1313949089485,-40.2756358863302,6.05796428039614,3276.0,4.92935,0.086,0.145,10.4459,13.3361,16.188,14.6414,,,,11.17,10.894
268997707,,,,,,,"Sector 10, Sector 11",2.0,30.3343,177.290422916695,-56.0267145426129,-50.4774498668378,208.703429821176,2854.0,5.19927,0.108,0.16,41.0371,14.5169,18.6,16.1115,,,,11.859,11.486
286201103,,,,,,,"Sector 15, Sector 16",2.0,23.1008,310.447680823753,49.6467079639525,63.5322293620184,340.475841762671,3098.0,5.00721,0.176,0.207,15.7757,12.2936,15.97,13.7122,,,,9.832,9.541
41862482,,,,,,,Sector  3,1.0,31.5837,20.9243819494597,-38.5637340064394,-43.0803713904576,0.646280147846439,3143.0,4.94575,0.175,0.206,11.399,12.3514,15.364,13.7363,,,,10.059,9.749
323493410,,,,,,,Sector  8,1.0,24.871,135.457827925115,9.08643562448804,-7.50543569453453,135.224526135721,3171.0,4.98444,0.203,0.227,13.9965,12.1621,15.18,13.5316,14.3891,17.3141,11.9186,9.803,9.53
452866792,,,,,,,Sector  7,1.0,27.483,120.58601671145,3.32876142576078,-16.7730351986129,122.042264653329,2832.0,5.21232,0.119,0.167,43.6896,14.3196,17.77,15.9471,,,,11.695,11.371
369021290,,,,,,,Sector 12,1.0,15.9611,262.567659795556,-51.6396096819589,-28.3352537761244,264.766976861364,3217.0,4.91429,0.281,0.286,9.64169,10.6421,13.628,11.9754,,,,8.29,8.017
173855784,,,,,,,"Sector 16, Sector 17",2.0,45.3324,350.341220881908,43.6353512999559,42.9551393645303,12.8749784143872,3070.0,4.95177,0.177,0.208,11.77,13.3123,16.84,14.7526,,,,10.883,10.581
467119250,,,,,,,Sector 19,1.0,9.53114,90.621644120146,49.8655990051717,26.4272832691562,90.4474555537239,2999.0,5.12283,0.131,0.176,28.3452,11.2273,14.64,12.6973,,,,8.768,8.435
121305264,,,,,,,Sector 11,1.0,22.4091,225.045498241056,-41.0491622181739,-22.9687215187919,234.639399639262,3030.0,5.17069,0.141,0.182,35.7716,13.3287,16.9,14.7764,,,,10.946,10.622
366872042,,,,,,,"Sector 17, Sector 18, Sector 19, Sector 24, Sector 25, Sector 26",6.0,16.5449,336.786415747012,77.8660793198191,68.4256165840255,58.3073718865497,3036.0,5.07353,0.148,0.187,22.1808,12.0886,16.0,13.5375,,,,9.593,9.293
400891204,,,,,,,"Sector 18, Sector 19",2.0,19.8365,45.0113251636161,62.8662365731252,43.4880682780085,63.6145130962656,3007.0,5.15173,0.117,0.166,32.6379,12.9202,16.246,14.3851,,,,10.544,10.225
455585204,,,,,,,"Sector 15, Sector 16",2.0,38.732,328.669710999066,44.7213499687477,52.4251237695652,354.440947511603,3399.0,4.85452,0.34,0.334,7.04814,11.843,14.11,13.0622,13.6464,12.5729,11.7573,9.701,9.464
370133522,,,,,,,Sector 13,1.0,20.373,306.925339164587,-56.4569879707794,-36.0850331916624,294.253528024646,3536.0,4.83497,,0.390989005565643,6.37883,10.1165,12.68,11.2364,,,,8.161,7.915
88937176,,,,,,,"Sector 25, Sector 26",2.0,51.8238,263.868081598027,36.9155006688006,60.1446853421475,260.121618385838,3542.0,4.69517,0.419,0.401,3.29502,11.2358,13.391,12.3637,,,,9.141,8.926
415969908,,,,,,,Sector  2,1.0,33.773,343.710058965027,-18.9118284079225,-11.0587258740066,337.701621142274,3568.0,4.84496,,0.380272001028061,6.71123,11.3018,13.342,12.4111,,,,9.33,9.091
272086159,,,,,,,"Sector  1, Sector  2, Sector  3, Sector  4, Sector  5, Sector  6, Sector  7, Sector  8, Sector  9, Sector 10, Sector 11, Sector 12, Sector 13",13.0,65.9528,115.003255175953,-72.2077391158699,-79.6587342812389,223.988675952198,3262.0,4.90195,,0.271,9.03115,13.4004,16.39,14.7205,,,,11.265,10.999
286332367,,,,,,,Sector  9,1.0,24.1254,170.550925803826,-11.5377966122628,-14.3292275400254,175.974345549858,2908.0,5.14258,0.124,0.171,31.2186,13.5299,17.26,15.0619,,,,10.927,10.587
98664371,,,,,,,Sector 10,1.0,19.1243,185.96698899968,-8.97875048700669,-5.87423657583617,189.039416760252,2821.0,5.25452,0.097,0.153,53.6302,14.0284,18.34,15.7021,,,,11.313,10.955
317475082,,,,,,,"Sector 18, Sector 19, Sector 24, Sector 25",4.0,22.7597,351.110571263793,73.9621486158825,63.9948932813878,51.4980600352798,3237.0,4.96255,0.2,0.225,12.4648,11.7323,14.509,13.0578,,,,9.454,9.169
188589485,,,,,,,"Sector 24, Sector 25",2.0,28.3283,240.469186357046,30.4597013126923,49.7680886437883,228.867264939974,3409.0,4.84277,0.46,0.437,6.63661,11.0599,13.439,12.2719,12.8793,11.631,13.6099,8.949,8.692
39084331,,,,,,,Sector 21,1.0,28.122,151.45730206353,37.984534817452,24.5104910002077,139.548566096981,2899.0,5.16897,0.107,0.159,35.4763,13.979,18.06,15.5298,,,,11.445,11.103
358237020,,,,,,,Sector 26,1.0,21.8888,282.938516536739,26.6991013319242,49.3384926436963,287.878021084701,2870.0,5.2126,0.102,0.156,43.7494,13.7615,17.3,15.3229,,,,11.221,10.879
436880490,,,,,,,Sector 18,1.0,34.60259,42.9571640176091,29.4868972557658,12.4538426132108,49.2760577004888,3213.0,4.89404,0.296,0.298,8.66172,11.2414,14.015,12.8128,13.3963,11.8013,12.9541,8.973,8.686
16072234,,,,,,,Sector 20,1.0,24.3302,113.365236747821,41.5008773015498,19.5402840957853,108.371511383275,3348.0,4.96941,0.202,0.226,12.9266,11.7429,14.157,12.9944,13.6987,12.3248,13.7838,9.642,9.367
156793031,,,,,,,Sector 19,1.0,23.876,72.240959468337,36.806459575669,14.2626434538343,75.4052284771423,2923.0,5.05441,0.143,0.184,20.1303,12.8805,16.48,14.4071,,,,10.273,9.955
316627328,,,,,,,"Sector 18, Sector 19",2.0,10.4909,52.703711082084,54.2319889950008,34.0196580588303,64.703111547103,2869.0,5.21286,0.096,0.152,43.8043,12.1755,16.2,13.737,,,,9.595,9.284
121296572,,,,,,,Sector 19,1.0,61.6377,74.566050507035,39.2209502923443,16.4444363292631,77.5864898943242,3551.0,4.71232,0.477,0.453,3.5562,11.7101,13.779,12.8331,,,,9.647,9.419
194564126,,,,,,,Sector 15,1.0,37.7140236,312.756563064296,39.9286904147263,54.3743096905682,333.348446434542,3461.0,4.72759,0.47,0.447,3.80975,10.5179,12.783,11.6939,,,,8.466,8.238
377293776,,,,,,,"Sector 14, Sector 15, Sector 16, Sector 17, Sector 18, Sector 19, Sector 20, Sector 21, Sector 22, Sector 23, Sector 24, Sector 25, Sector 26",13.0,22.4467,286.853476698216,59.0859327170572,79.3346328717719,323.592646597542,3407.0,4.7606,,0.47,4.43731,10.0306,12.28,11.2394,,,,7.82,7.565
153974581,,,,,,,"Sector 14, Sector 15, Sector 21, Sector 22",4.0,44.70599,203.000015593873,66.6002438616028,64.6555516025331,148.652102187118,3305.0,4.88768,0.254,0.265,8.37637,11.4985,14.032,12.7796,,,,9.362,9.06
160083748,,,,,,,"Sector 14, Sector 19, Sector 20, Sector 21, Sector 25, Sector 26",6.0,27.7963,225.894977084378,84.6406463753182,70.0767198606197,100.997445382361,3313.0,4.92573,0.186,0.214,10.2465,11.6616,14.156,12.9363,,,,9.555,9.313
85528741,,,,,,,Sector 18,1.0,56.8367,47.3160963247692,34.2918107013569,15.98200718215,54.3642445625298,3361.0,4.80807,0.285,0.289,5.57623,12.3983,15.44,13.643,,,,10.174,9.935
354572301,,,,,,,"Sector  5, Sector  6",2.0,28.2768,85.2702516054716,-42.8421691967608,-66.1403758167142,81.4039520611577,3114.0,4.99372,0.17,0.203,14.698,12.526,15.3,13.9318,,,,10.161,9.879
181233766,,,,,,,Sector 13,1.0,44.0444,13.3406389541908,-75.6735608468513,-65.7359546513014,305.866203204012,2978.0,4.99183,0.122,0.17,14.5522,13.6918,17.6,15.1816,,,,11.159,10.827
404510606,,,,,,,Sector 23,1.0,19.1094,202.338797637998,11.4407366359776,19.2791324964407,196.171159316264,3423.0,4.80372,0.354,0.345,5.45812,9.82415,11.96,11.0142,11.6836,10.4206,10.0851,7.82,7.535
280801342,,,,,,,Sector  1,1.0,19.8803,359.678671454795,-62.7617863126724,-54.5599584120211,322.121367791375,2906.0,5.19203,0.114,0.164,39.6369,13.3706,15.71,14.9025,,,,10.827,10.515
367454517,,,,,,,"Sector 17, Sector 18, Sector 24, Sector 25",4.0,45.1209,334.487979903069,69.5887909248081,66.8715527891591,36.7444942506087,3302.0,4.85647,0.227,0.245,7.1192,12.3863,15.33,13.6754,14.3447,13.1457,12.1631,10.048,9.811
312546572,,,,,,,"Sector 17, Sector 18, Sector 24",3.0,37.6028,12.8062787391304,58.6647476794846,47.5447868624551,41.3006241845406,3428.0,4.84557,0.308,0.308,6.73192,11.659,14.03,12.8598,,,,9.57,9.329
431654443,,,,,,,"Sector 17, Sector 24",2.0,29.0916,358.343442463195,52.2288174263494,47.0777987559097,25.9672198956088,3289.0,4.87692,0.257,0.267,7.91677,11.516,14.108,12.8086,,,,9.348,9.021
57185991,,,,,,,"Sector  9, Sector 10",2.0,21.0011,170.677285771107,-32.0945491565278,-32.8243019120909,185.835063226208,2963.0,5.12524,0.144,0.184,28.6828,12.9624,16.31,14.4616,,,,10.519,10.167
83859610,,,,,,,Sector 11,1.0,31.983,217.574807520907,-24.0545537059422,-8.77026843311673,222.92106502469,3228.0,4.96375,0.173,0.205,12.5438,12.4598,15.223,13.7992,,,,10.237,9.917
409274129,,,,,,,Sector 21,1.0,55.95588,146.065950193957,47.4318778058295,31.7011757435411,131.275028442847,3224.0,4.61028,0.462,0.439,2.29012,12.3624,15.113,13.7068,14.4903,13.4972,12.1218,10.045,9.788
137520593,,,,,,,"Sector 15, Sector 16",2.0,41.6086,318.625476619194,42.8388240255761,54.7482378609695,342.431454733551,3345.0,4.8684,0.28,0.286,7.57293,12.1566,14.99,13.4148,,,,9.977,9.73
35009898,,,,,,,Sector  9,1.0,57.7553,164.724121877903,-5.54639882104217,-11.1271328524427,168.110694832919,3424.0,4.80125,,0.43,5.39244,12.2255,14.54,13.4339,,,,10.139,9.918
345448551,,,,,,,Sector  5,1.0,28.3066,57.8144590939953,7.82743315883413,-12.0380505329124,57.3459602699872,3315.0,4.92028,0.167,0.201,9.95349,11.7664,14.284,13.0414,,,,9.546,9.309
438490744,,,,,,,Sector  6,1.0,63.0507,100.255976035327,16.5896096817458,-6.498296356294,99.8889041327859,3181.0,4.99382,,0.172,14.7053,14.1396,17.42,15.5099,,,,11.874,11.621
268860915,,,,,,,Sector  3,1.0,19.2614,34.0892774035561,-22.0135244567997,-33.4074621362598,23.1099587977775,2885.0,5.1858,0.128,0.173,38.4679,13.288,17.03,14.8427,,,,10.761,10.401
359251064,,,,,,,"Sector 17, Sector 18, Sector 24",3.0,26.208025,1.92729898052925,60.381786826138,52.2781592798327,36.1655262923167,3206.0,4.90926,0.253,0.265,9.38794,10.6141,13.399,12.2395,,,,8.332,8.046
218963269,,,,,,,Sector  2,1.0,34.1826,348.036109895332,-31.4011174748256,-24.0574075388014,336.124920576011,3185.0,4.98897,0.195,0.221,14.3353,12.8486,15.93,14.2155,,,,10.529,10.255
183642011,,,,,,,"Sector  1, Sector 13",2.0,37.6461,19.6246536098359,-75.0817940848205,-67.0654766038778,308.482158041291,3297.0,4.93194,0.137,0.18,10.5905,12.4279,16.31,13.7172,,,,10.293,10.021
115131636,,,,,,,Sector 19,1.0,14.6275,83.2162560282826,33.8296076514466,10.5251089488683,84.2721763280615,3325.0,5.00846,0.177,0.208,15.8791,10.9677,13.468,12.2234,,,,8.816,8.558
269451622,,,,,,,Sector 13,1.0,25.2672,292.139984510129,-36.5750136605196,-14.5256128658401,288.219008510389,3170.0,5.01699,0.162,0.197,16.6016,12.3674,15.323,13.7332,,,,10.06,9.808
32706905,,,,,,,"Sector  5, Sector  6",2.0,38.7784,86.0663543364664,-27.937350529043,-51.3007027611114,84.4373606898849,3232.0,4.96835,0.163,0.198,12.8538,12.8828,16.24,14.2145,,,,10.672,10.371
2761472,,,,,,,Sector  2,1.0,23.1016,356.580086177916,-11.945358653163,-9.59510649001212,352.079155231078,3041.0,5.03644,0.14,0.182,18.3597,12.551,15.777,14.0025,,,,10.102,9.755
433352209,,,,,,,Sector 18,1.0,22.3076,42.1807046121134,41.7256241441998,24.2864499167474,52.644460253838,3338.0,4.99225,0.208,0.231,14.5846,11.658,14.148,12.9162,,,,9.594,9.353
200368010,,,,,,,"Sector  4, Sector  6",2.0,20.4675,77.4326609011293,-43.421511653107,-65.8714740406428,67.2567961182996,3217.0,4.93664,0.273,0.28,10.8589,11.3155,14.063,12.6511,,,,8.996,8.735
35025268,,,,,,,Sector 18,1.0,14.9202,48.5519522543735,28.67765485286,10.2940543169287,53.8257146423519,2853.0,5.21834,0.09,0.147,44.9726,13.0239,16.73,14.6075,,,,10.426,10.092
282043028,,,,,,,Sector 26,1.0,14.0856,281.345617842677,18.8662598157959,41.7382311531589,284.446540831947,3215.0,5.00242,0.183,0.212,15.3846,10.9566,13.739,12.2906,,,,8.639,8.431
288994448,,,,,,,"Sector 15, Sector 16",2.0,40.9026,314.704038397428,51.2616226426237,63.1970800104704,347.474815260207,3502.0,4.81634,0.346,0.339,5.80955,11.5617,14.24,12.714,,,,9.529,9.284
337705501,,,,,,,"Sector 11, Sector 12",2.0,24.065,197.716742333263,-71.119635278627,-55.9908069513559,236.557299397204,3208.0,5.01997,0.181,0.211,16.8605,12.3121,15.11,13.655,,,,10.056,9.724
288452865,,,,,,,"Sector 16, Sector 22, Sector 23",3.0,21.3956,203.201241326066,42.6743387264036,47.4860374040285,179.671151845466,2939.0,5.18812,0.094,0.15,38.9002,13.4517,16.78,14.9687,16.2099,14.252,13.1471,10.949,10.646
420130591,,,,,,,"Sector 14, Sector 15, Sector 16, Sector 17, Sector 18, Sector 19, Sector 20, Sector 21, Sector 22, Sector 23, Sector 24, Sector 25, Sector 26",13.0,10.6267,291.067940656182,75.5532899109209,78.8354306536579,62.4084486195747,2907.0,5.16515,0.139,0.181,34.8283,11.8694,15.75,13.4037,,,,9.28,8.963
206604031,,,,,,,Sector  2,1.0,25.7043,21.6795176905592,-54.7248941418356,-56.499701685154,346.483065672944,3095.0,5.03189,0.163,0.198,17.9345,12.6878,15.692,14.1046,,,,10.241,9.954
369809591,,,,,,,Sector 23,1.0,42.3971,190.614495238326,13.6945044904326,16.7620080709283,184.193868974298,3117.0,4.9711,0.185,0.214,13.043,13.3463,16.8,14.7532,,,,10.933,10.586
328936147,,,,,,,"Sector 14, Sector 19, Sector 20, Sector 21, Sector 26",5.0,42.0489,225.344658338999,82.0403247590563,71.4103100115348,107.776274551224,3242.0,4.8914,0.246,0.259,8.542,12.5016,15.185,13.832,,,,10.215,9.937
267858535,,,,,,,"Sector 15, Sector 16, Sector 17",3.0,30.8744,312.202099199458,58.3090209163687,69.3056049548586,356.985978916037,3188.0,5.01087,0.163,0.198,16.08,12.7686,16.58,14.132,,,,10.485,10.198
391490853,,,,,,,Sector 19,1.0,21.1286,71.27350558455,43.4094367992742,20.9055261079546,75.5422092655393,3121.0,5.09315,0.147,0.186,24.4731,12.5806,15.512,13.9776,,,,10.273,9.96
397059352,,,,,,,Sector 23,1.0,25.1368,189.650906892523,5.36066369540807,8.74917966515038,186.738700621828,3214.0,5.0299,0.161,0.197,17.7501,12.4181,15.239,13.7605,,,,10.229,9.891
284441182,,,,,,,"Sector 17, Sector 18, Sector 24",3.0,51.9503,10.0887087707778,61.2136262085634,50.4030208629888,41.9420146250263,3624.0,4.74607,,0.49012,4.14664,11.4752,13.459,12.5555,,,,9.514,9.283
287254711,,,,,,,"Sector 14, Sector 21",2.0,23.0806,154.820635564827,65.8325010594138,50.1550555406051,125.32887924706,3245.0,5.07426,0.149,0.188,22.2624,12.3976,15.033,13.7162,,,,10.256,10.021
47973606,,,,,,,"Sector 14, Sector 15, Sector 19, Sector 22, Sector 25, Sector 26",6.0,20.4948,281.467688567906,52.4612842180042,74.804280735733,297.526011192424,3295.0,5.14201,0.126,0.172,31.1335,12.5584,15.14,13.8468,,,,10.485,10.229
